Folarin,5,0,0,0,0,0
Folarin,6,0,0,0,0,0
Folarin,7,0,0,0,0,0
Folarin,8,0,0,0,0,0
Folarin,9,0,0,0,0,0
Folarin,10,0,0,0,0,0
Folarin,11,0,0,0,0,0
Cédric,5,0,0,0,0,0
Cédric,6,0,0,0,0,0
Cédric,7,0,0,0,0,0
Cédric,8,0,0,0,0,0
Cédric,9,0,0,0,0,0
Cédric,10,0,0,0,0,0
Cédric,11,0,0,0,0,0
Mohamed,5,0,0,0,0,0
Mohamed,6,0,0,0,0,0
Mohamed,7,0,0,0,0,0
Mohamed,8,0,0,0,0,0
Mohamed,9,0,0,0,0,0
Mohamed,10,0,0,0,0,1
Mohamed,11,0,0,0,1,0
Fábio,5,0,0,34,13,79
Fábio,6,0,34,13,79,45
Fábio,7,34,13,79,45,14
Fábio,8,13,79,45,14,0
Fábio,9,79,45,14,0,0
Fábio,10,45,14,0,0,17
Fábio,11,14,0,0,17,11
Gabriel,5,4,20,0,90,90
Gabriel,6,20,0,90,90,90
Gabriel,7,0,90,90,90,90
Gabriel,8,90,90,90,90,90
Gabriel,9,90,90,90,90,90
Gabriel,10,90,90,90,90,0
Gabriel,11,90,90,90,0,90
Kai,5,90,90,55,76,10
Kai,6,90,55,76,10,45
Kai,7,55,76,10,45,80
Kai,8,76,10,45,80,15
Kai,9,10,45,80,15,12
Kai,10,45,80,15,12,90
Kai,11,80,15,12,90,90
Gabriel,5,0,0,1,14,24
Gabriel,6,0,1,14,24,76
Gabriel,7,1,14,24,76,90
Gabriel,8,14,24,76,90,90
Gabriel,9,24,76,90,90,67
Gabriel,10,76,90,90,67,0
Gabriel,11,90,90,67,0,0
Jorge Luiz,5,0,11,6,1,0
Jorge Luiz,6,11,6,1,0,45
Jorge Luiz,7,6,1,0,45,9
Jorge Luiz,8,1,0,45,9,74
Jorge Luiz,9,0,45,9,74,67
Jorge Luiz,10,45,9,74,67,0
Jorge Luiz,11,9,74,67,0,78
Jakub,5,0,1,90,0,0
Jakub,6,1,90,0,0,0
Jakub,7,90,0,0,0,0
Jakub,8,0,0,0,0,0
Jakub,9,0,0,0,0,0
Jakub,10,0,0,0,0,90
Jakub,11,0,0,0,90,0
Marcus,5,0,0,0,0,0
Marcus,6,0,0,0,0,0
Marcus,7,0,0,0,0,0
Marcus,8,0,0,0,0,0
Marcus,9,0,0,0,0,0
Marcus,10,0,0,0,0,0
Marcus,11,0,0,0,0,0
Gabriel,5,85,69,90,89,23
Gabriel,6,69,90,89,23,0
Gabriel,7,90,89,23,0,0
Gabriel,8,89,23,0,0,45
Gabriel,9,23,0,0,45,77
Gabriel,10,0,0,45,77,65
Gabriel,11,0,45,77,65,90
Eddie,5,72,78,45,75,65
Eddie,6,78,45,75,65,90
Eddie,7,45,75,65,90,68
Eddie,8,75,65,90,68,74
Eddie,9,65,90,68,74,22
Eddie,10,90,68,74,22,90
Eddie,11,68,74,22,90,78
Martin,5,90,89,83,90,90
Martin,6,89,83,90,90,90
Martin,7,83,90,90,90,90
Martin,8,90,90,90,90,90
Martin,9,90,90,90,90,77
Martin,10,90,90,90,77,0
Martin,11,90,90,77,0,0
Thomas,5,90,90,55,0,0
Thomas,6,90,55,0,0,0
Thomas,7,55,0,0,0,0
Thomas,8,0,0,0,0,15
Thomas,9,0,0,0,15,0
Thomas,10,0,0,15,0,0
Thomas,11,0,15,0,0,0
Nicolas,5,0,0,0,0,0
Nicolas,6,0,0,0,0,0
Aaron,5,90,90,90,90,0
Aaron,6,90,90,90,0,0
Aaron,7,90,90,0,0,0
Aaron,8,90,0,0,0,0
Bukayo,5,90,88,90,90,90
Bukayo,6,88,90,90,90,90
Bukayo,7,90,90,90,90,75
Bukayo,8,90,90,90,75,0
Bukayo,9,90,90,75,0,90
Bukayo,10,90,75,0,90,72
Bukayo,11,75,0,90,72,90
William,5,90,90,90,90,90
William,6,90,90,90,90,90
William,7,90,90,90,90,90
William,8,90,90,90,90,90
William,9,90,90,90,90,90
William,10,90,90,90,90,90
William,11,90,90,90,90,90
Emile,6,0,0,0,0,1
Emile,7,0,0,0,1,9
Emile,8,0,0,1,9,0
Emile,9,0,1,9,0,22
Emile,10,1,9,0,22,72
Emile,11,9,0,22,72,0
Takehiro,5,40,66,0,14,10
Takehiro,6,66,0,14,10,0
Takehiro,7,0,14,10,0,21
Takehiro,8,14,10,0,21,15
Takehiro,9,10,0,21,15,45
Takehiro,10,0,21,15,45,24
Takehiro,11,21,15,45,24,90
Leandro,5,17,0,45,0,66
Leandro,6,0,45,0,66,0
Leandro,7,45,0,66,0,0
Leandro,8,0,66,0,0,45
Leandro,9,66,0,0,45,12
Leandro,10,0,0,45,12,24
Leandro,11,0,45,12,24,11
Benjamin,5,90,90,90,90,90
Benjamin,6,90,90,90,90,90
Benjamin,7,90,90,90,90,90
Benjamin,8,90,90,90,90,90
Benjamin,9,90,90,90,90,90
Benjamin,10,90,90,90,90,65
Benjamin,11,90,90,90,65,72
Oleksandr,5,0,1,34,75,79
Oleksandr,6,1,34,75,79,90
Oleksandr,7,34,75,79,90,68
Oleksandr,8,75,79,90,68,74
Oleksandr,9,79,90,68,74,45
Oleksandr,10,90,68,74,45,90
Oleksandr,11,68,74,45,90,17
David,5,0,0,0,0,90
David,6,0,0,0,90,90
David,7,0,0,90,90,90
David,8,0,90,90,90,90
David,9,90,90,90,90,90
David,10,90,90,90,90,90
David,11,90,90,90,90,90
Declan,5,90,90,90,90,90
Declan,6,90,90,90,90,45
Declan,7,90,90,90,45,80
Declan,8,90,90,45,80,90
Declan,9,90,45,80,90,90
Declan,10,45,80,90,90,88
Declan,11,80,90,90,88,90
Reiss,5,0,0,0,1,0
Reiss,6,0,0,1,0,13
Reiss,7,0,1,0,13,21
Reiss,8,1,0,13,21,0
Reiss,9,0,13,21,0,0
Reiss,10,13,21,0,0,17
Reiss,11,21,0,0,17,0
Jurriën,5,49,0,0,0,0
Leon,5,45,62,0,46,33
Leon,6,62,0,46,33,15
Leon,7,0,46,33,15,0
Leon,8,46,33,15,0,8
Leon,9,33,15,0,8,14
Leon,10,15,0,8,14,45
Leon,11,0,8,14,45,45
Matty,5,86,90,90,90,90
Matty,6,90,90,90,90,90
Matty,7,90,90,90,90,90
Matty,8,90,90,90,90,81
Matty,9,90,90,90,81,90
Matty,10,90,90,81,90,78
Matty,11,90,81,90,78,58
Philippe,5,3,21,0,0,0
Philippe,6,21,0,0,0,0
Leander,5,0,0,0,0,1
Leander,6,0,0,0,1,1
Leander,7,0,0,1,1,0
Leander,8,0,1,1,0,0
Leander,9,1,1,0,0,0
Leander,10,1,0,0,0,1
Leander,11,0,0,0,1,4
Diego Carlos,5,26,26,90,18,0
Diego Carlos,6,26,90,18,0,0
Diego Carlos,7,90,18,0,0,0
Diego Carlos,8,18,0,0,0,90
Diego Carlos,9,0,0,0,90,0
Diego Carlos,10,0,0,90,0,11
Diego Carlos,11,0,90,0,11,12
Lucas,5,90,90,80,90,90
Lucas,6,90,80,90,90,90
Lucas,7,80,90,90,90,90
Lucas,8,90,90,90,90,90
Lucas,9,90,90,90,90,90
Lucas,10,90,90,90,90,90
Lucas,11,90,90,90,90,90
Douglas Luiz,5,90,63,85,71,90
Douglas Luiz,6,63,85,71,90,90
Douglas Luiz,7,85,71,90,90,90
Douglas Luiz,8,71,90,90,90,90
Douglas Luiz,9,90,90,90,90,90
Douglas Luiz,10,90,90,90,90,89
Douglas Luiz,11,90,90,90,89,85
Jhon,5,0,16,4,17,19
Jhon,6,16,4,17,19,1
Jhon,7,4,17,19,1,11
Jhon,8,17,19,1,11,0
Jhon,9,19,1,11,0,0
Jhon,10,1,11,0,0,0
Jhon,11,11,0,0,0,0
Boubacar,5,90,90,90,90,57
Boubacar,6,90,90,90,57,89
Boubacar,7,90,90,57,89,89
Boubacar,8,90,57,89,89,81
Boubacar,9,57,89,89,81,90
Boubacar,10,89,89,81,90,78
Boubacar,11,89,81,90,78,77
Ezri,5,90,90,90,90,90
Ezri,6,90,90,90,90,90
Ezri,7,90,90,90,90,90
Ezri,8,90,90,90,90,90
Ezri,9,90,90,90,90,90
Ezri,10,90,90,90,90,90
Ezri,11,90,90,90,90,90
Emiliano,5,90,90,0,90,90
Emiliano,6,90,0,90,90,90
Emiliano,7,0,90,90,90,90
Emiliano,8,90,90,90,90,90
Emiliano,9,90,90,90,90,90
Emiliano,10,90,90,90,90,90
Emiliano,11,90,90,90,90,90
John,5,63,90,90,90,70
John,6,90,90,90,70,74
John,7,90,90,70,74,90
John,8,90,70,74,90,90
John,9,70,74,90,90,90
John,10,74,90,90,90,90
John,11,90,90,90,90,90
Tyrone,5,30,0,0,0,0
Robin,5,0,0,90,0,0
Robin,6,0,90,0,0,0
Robin,7,90,0,0,0,0
Jaden,5,3,0,0,0,0
Jacob,6,0,0,0,0,15
Jacob,7,0,0,0,15,33
Jacob,8,0,0,15,33,0
Jacob,9,0,15,33,0,0
Jacob,10,15,33,0,0,0
Jacob,11,33,0,0,0,0
Youri,5,45,27,4,18,32
Youri,6,27,4,18,32,9
Youri,7,4,18,32,9,1
Youri,8,18,32,9,1,8
Youri,9,32,9,1,8,5
Youri,10,9,1,8,5,11
Youri,11,1,8,5,11,31
Bertrand,5,0,0,9,0,0
Bertrand,6,0,9,0,0,0
Bertrand,7,9,0,0,0,0
Bertrand,10,0,0,0,0,1
Bertrand,11,0,0,0,1,0
Ollie,5,90,73,85,72,90
Ollie,6,73,85,72,90,90
Ollie,7,85,72,90,90,90
Ollie,8,72,90,90,90,90
Ollie,9,90,90,90,90,90
Ollie,10,90,90,90,90,90
Ollie,11,90,90,90,90,90
Pau,5,59,90,90,90,90
Pau,6,90,90,90,90,90
Pau,7,90,90,90,90,90
Pau,8,90,90,90,90,90
Pau,9,90,90,90,90,90
Pau,10,90,90,90,90,90
Pau,11,90,90,90,90,90
Moussa,5,86,63,72,90,90
Moussa,6,63,72,90,90,80
Moussa,7,72,90,90,80,78
Moussa,8,90,90,80,78,61
Moussa,9,90,80,78,61,84
Moussa,10,80,78,61,84,89
Moussa,11,78,61,84,89,90
Nicolò,7,17,25,56,74,56
Nicolò,8,25,56,74,56,28
Nicolò,9,56,74,56,28,75
Nicolò,10,74,56,28,75,45
Nicolò,11,56,28,75,45,45
Jaidon,5,59,62,30,0,0
Jaidon,6,62,30,0,0,0
Jaidon,7,30,0,0,0,0
Philip,5,90,90,85,90,90
Philip,6,90,85,90,90,81
Philip,7,85,90,90,81,74
Philip,8,90,90,81,74,90
Philip,9,90,81,74,90,90
Philip,10,81,74,90,90,81
Philip,11,74,90,90,81,70
David,5,74,14,17,30,1
David,6,14,17,30,1,8
David,7,17,30,1,8,0
David,8,30,1,8,0,23
David,9,1,8,0,23,56
David,10,8,0,23,56,0
David,11,0,23,56,0,0
Ryan,5,66,62,59,86,88
Ryan,6,62,59,86,88,81
Ryan,7,59,86,88,81,82
Ryan,8,86,88,81,82,45
Ryan,9,88,81,82,45,33
Ryan,10,81,82,45,33,90
Ryan,11,82,45,33,90,90
Lewis,5,0,0,45,90,90
Lewis,6,0,45,90,90,90
Lewis,7,45,90,90,90,90
Lewis,8,90,90,90,90,66
Lewis,9,90,90,90,66,53
Lewis,10,90,90,66,53,0
Lewis,11,90,66,53,0,0
James,5,15,0,0,0,0
Lloyd,5,0,14,90,0,90
Lloyd,6,14,90,0,90,82
Lloyd,7,90,0,90,82,0
Lloyd,8,0,90,82,0,0
Lloyd,9,90,82,0,0,90
Lloyd,10,82,0,0,90,90
Lloyd,11,0,0,90,90,90
Justin,5,30,27,59,70,27
Justin,6,27,59,70,27,63
Justin,7,59,70,27,63,58
Justin,8,70,27,63,58,0
Justin,9,27,63,58,0,0
Justin,10,63,58,0,0,0
Justin,11,58,0,0,0,5
Chris,5,30,0,0,3,0
Chris,6,0,0,3,0,0
Chris,7,0,3,0,0,0
Chris,8,3,0,0,0,0
Chris,10,0,0,0,0,90
Chris,11,0,0,0,90,45
Kieffer,5,23,27,4,0,0
Kieffer,6,27,4,0,0,0
Kieffer,7,4,0,0,0,0
Kieffer,8,0,0,0,0,24
Kieffer,9,0,0,0,24,5
Kieffer,10,0,0,24,5,0
Kieffer,11,0,24,5,0,0
Norberto,5,90,90,90,90,90
Norberto,6,90,90,90,90,90
Norberto,7,90,90,90,90,90
Norberto,8,90,90,90,90,90
Norberto,9,90,90,90,90,90
Norberto,10,90,90,90,90,0
Norberto,11,90,90,90,0,0
Dango,5,0,0,0,0,62
Dango,6,0,0,0,62,27
Dango,7,0,0,62,27,31
Dango,8,0,62,27,31,56
Dango,9,62,27,31,56,15
Dango,10,27,31,56,15,21
Dango,11,31,56,15,21,0
Joe,5,90,75,45,0,0
Joe,6,75,45,0,0,0
Joe,7,45,0,0,0,15
Joe,8,0,0,0,15,45
Joe,9,0,0,15,45,33
Joe,10,0,15,45,33,8
Joe,11,15,45,33,8,46
Antoine,5,15,75,72,59,0
Antoine,6,75,72,59,0,26
Antoine,7,72,59,0,26,7
Antoine,8,59,0,26,7,0
Antoine,9,0,26,7,0,0
Antoine,10,26,7,0,0,68
Antoine,11,7,0,0,68,19
Marcos,5,59,83,0,90,16
Marcos,6,83,0,90,16,7
Marcos,7,0,90,16,7,90
Marcos,8,90,16,7,90,90
Marcos,9,16,7,90,90,5
Marcos,10,7,90,90,5,0
Marcos,11,90,90,5,0,45
Adam,7,0,0,0,0,7
Adam,8,0,0,0,7,85
Adam,9,0,0,7,85,0
Adam,10,0,7,85,0,5
Adam,11,7,85,0,5,0
Dominic,5,90,90,90,90,90
Dominic,6,90,90,90,90,90
Dominic,7,90,90,90,90,90
Dominic,8,90,90,90,90,90
Dominic,9,90,90,90,90,84
Dominic,10,90,90,90,84,90
Dominic,11,90,90,84,90,84
Marcus,5,0,0,0,19,72
Marcus,6,0,0,19,72,62
Marcus,7,0,19,72,62,58
Marcus,8,19,72,62,58,90
Marcus,9,72,62,58,90,74
Marcus,10,62,58,90,74,81
Marcus,11,58,90,74,81,71
Hamed,5,0,6,30,0,0
Hamed,6,6,30,0,0,8
Hamed,7,30,0,0,8,0
Hamed,8,0,0,8,0,0
Hamed,9,0,8,0,0,0
Hamed,10,8,0,0,0,0
Illia,5,90,90,90,90,90
Illia,6,90,90,90,90,90
Illia,7,90,90,90,90,90
Illia,8,90,90,90,90,90
Illia,9,90,90,90,90,90
Illia,10,90,90,90,90,90
Illia,11,90,90,90,90,90
Milos,5,90,90,90,90,73
Milos,6,90,90,90,73,90
Milos,7,90,90,73,90,82
Milos,8,90,73,90,82,66
Milos,9,73,90,82,66,84
Milos,10,90,82,66,84,8
Milos,11,82,66,84,8,90
Ionuț,10,0,0,0,0,90
Ionuț,11,0,0,0,90,90
Max,5,74,90,90,90,90
Max,6,90,90,90,90,90
Max,7,90,90,90,90,90
Max,8,90,90,90,90,4
Max,9,90,90,90,4,90
Max,10,90,90,4,90,84
Max,11,90,4,90,84,90
Alex,9,0,0,0,0,56
Alex,10,0,0,0,56,90
Alex,11,0,0,56,90,43
Luis,9,17,0,31,33,0
Luis,10,0,31,33,0,0
Luis,11,31,33,0,0,18
Kristoffer,5,83,1,0,9,0
Kristoffer,6,1,0,9,0,29
Kristoffer,7,0,9,0,29,88
Kristoffer,8,9,0,29,88,90
Kristoffer,9,0,29,88,90,75
Kristoffer,10,29,88,90,75,90
Kristoffer,11,88,90,75,90,78
Shandon,5,18,0,0,0,0
Nathan,5,90,90,90,9,90
Nathan,6,90,90,9,90,90
Nathan,7,90,9,90,90,90
Nathan,8,9,90,90,90,90
Nathan,9,90,90,90,90,90
Nathan,10,90,90,90,90,90
Nathan,11,90,90,90,90,90
Mikkel,5,41,11,0,0,0
Mikkel,6,11,0,0,0,0
Josh,5,0,9,0,0,0
Josh,6,9,0,0,0,0
Mark,5,90,90,90,90,90
Mark,6,90,90,90,90,90
Mark,7,90,90,90,90,90
Mark,8,90,90,90,90,0
Mark,9,90,90,90,0,90
Mark,10,90,90,0,90,90
Mark,11,90,0,90,90,45
Rico,5,90,90,90,90,41
Rico,6,90,90,90,41,0
Rico,7,90,90,41,0,0
Rico,8,90,41,0,0,0
Rico,9,41,0,0,0,0
Aaron,5,71,77,90,81,81
Aaron,6,77,90,81,81,72
Aaron,7,90,81,81,72,68
Aaron,8,81,81,72,68,90
Aaron,9,81,72,68,90,0
Aaron,10,72,68,90,0,83
Aaron,11,68,90,0,83,0
Vitaly,5,90,90,90,70,71
Vitaly,6,90,90,70,71,61
Vitaly,7,90,70,71,61,88
Vitaly,8,70,71,61,88,69
Vitaly,9,71,61,88,69,90
Vitaly,10,61,88,69,90,75
Vitaly,11,88,69,90,75,90
Mathias,5,48,90,71,80,90
Mathias,6,90,71,80,90,90
Mathias,7,71,80,90,90,68
Mathias,8,80,90,90,68,82
Mathias,9,90,90,68,82,75
Mathias,10,90,68,82,75,63
Mathias,11,68,82,75,63,77
Keane,5,0,19,10,19,8
Keane,6,19,10,19,8,88
Keane,7,10,19,8,88,74
Keane,8,19,8,88,74,0
Keane,9,8,88,74,0,0
Keane,10,88,74,0,0,0
Keane,11,74,0,0,0,0
Bryan,5,90,90,90,90,90
Bryan,6,90,90,90,90,90
Bryan,7,90,90,90,90,90
Bryan,8,90,90,90,90,90
Bryan,9,90,90,90,90,90
Bryan,10,90,90,90,90,90
Bryan,11,90,90,90,90,90
Ben,5,0,0,0,80,71
Ben,6,0,0,80,71,0
Ben,7,0,80,71,0,0
Ben,8,80,71,0,0,0
Ben,9,71,0,0,0,0
Ben,11,0,0,0,0,1
Christian,5,71,78,90,90,71
Christian,6,78,90,90,71,90
Christian,7,90,90,71,90,90
Christian,8,90,71,90,90,90
Christian,9,71,90,90,90,90
Christian,10,90,90,90,90,90
Christian,11,90,90,90,90,90
Frank,5,0,0,18,19,18
Frank,6,0,18,19,18,28
Frank,7,18,19,18,28,21
Frank,8,19,18,28,21,20
Frank,9,18,28,21,20,83
Frank,10,28,21,20,83,26
Frank,11,21,20,83,26,90
Ethan,5,90,90,90,90,90
Ethan,6,90,90,90,90,90
Ethan,7,90,90,90,90,90
Ethan,8,90,90,90,90,90
Ethan,9,90,90,90,90,90
Ethan,10,90,90,90,90,90
Ethan,11,90,90,90,90,90
Mads,5,18,12,0,0,48
Mads,6,12,0,0,48,60
Mads,7,0,0,48,60,1
Mads,8,0,48,60,1,90
Mads,9,48,60,1,90,14
Mads,10,60,1,90,14,90
Mads,11,1,90,14,90,11
Kevin,5,18,70,79,70,18
Kevin,6,70,79,70,18,0
Kevin,7,79,70,18,0,0
Kevin,8,70,18,0,0,0
Kevin,9,18,0,0,0,0
Thomas,8,0,0,0,0,90
Thomas,9,0,0,0,90,0
Thomas,10,0,0,90,0,0
Thomas,11,0,90,0,0,45
Yoane,5,71,78,90,90,90
Yoane,6,78,90,90,90,90
Yoane,7,90,90,90,90,90
Yoane,8,90,90,90,90,69
Yoane,9,90,90,90,69,90
Yoane,10,90,90,69,90,75
Yoane,11,90,69,90,75,88
Yegor,9,0,0,0,0,14
Yegor,10,0,0,0,14,14
Yegor,11,0,0,14,14,12
Mathias,5,6,0,0,0,0
Neal,5,71,39,0,0,18
Neal,6,39,0,0,18,0
Neal,7,0,0,18,0,15
Neal,8,0,18,0,15,20
Neal,9,18,0,15,20,87
Neal,10,0,15,20,87,14
Neal,11,15,20,87,14,90
Michael,5,0,0,0,8,0
Michael,6,0,0,8,0,1
Michael,7,0,8,0,1,1
Michael,8,8,0,1,1,0
Michael,9,0,1,1,0,2
Michael,10,1,1,0,2,0
Michael,11,1,0,2,0,0
Saman,8,0,0,17,21,7
Saman,9,0,17,21,7,6
Saman,10,17,21,7,6,6
Saman,11,21,7,6,6,1
Simon,5,16,0,18,1,84
Simon,6,0,18,1,84,87
Simon,7,18,1,84,87,28
Simon,8,1,84,87,28,90
Simon,9,84,87,28,90,90
Simon,10,87,28,90,90,70
Simon,11,28,90,90,70,89
Facundo,6,0,0,0,0,45
Facundo,7,0,0,0,45,0
Facundo,8,0,0,45,0,0
Facundo,9,0,45,0,0,0
Facundo,10,45,0,0,0,19
Facundo,11,0,0,0,19,11
Mahmoud,5,73,9,0,13,76
Mahmoud,6,9,0,13,76,73
Mahmoud,7,0,13,76,73,0
Mahmoud,8,13,76,73,0,0
Mahmoud,9,76,73,0,0,0
Mahmoud,10,73,0,0,0,70
Mahmoud,11,0,0,0,70,22
Lewis,5,90,90,90,90,90
Lewis,6,90,90,90,90,90
Lewis,7,90,90,90,90,90
Lewis,8,90,90,90,90,90
Lewis,9,90,90,90,90,90
Lewis,10,90,90,90,90,90
Lewis,11,90,90,90,90,90
Julio,5,2,66,0,0,0
Julio,6,66,0,0,0,0
Pervis,5,90,90,90,90,0
Pervis,6,90,90,90,0,90
Pervis,7,90,90,0,90,45
Pervis,8,90,0,90,45,0
Pervis,9,0,90,45,0,0
Pervis,10,90,45,0,0,0
Pervis,11,45,0,0,0,0
Evan,5,12,23,90,80,5
Evan,6,23,90,80,5,45
Evan,7,90,80,5,45,45
Evan,8,80,5,45,45,59
Evan,9,5,45,45,59,74
Evan,10,45,45,59,74,77
Evan,11,45,59,74,77,67
Billy,5,16,90,59,76,13
Billy,6,90,59,76,13,90
Billy,7,59,76,13,90,90
Billy,8,76,13,90,90,0
Billy,9,13,90,90,0,24
Billy,10,90,90,0,24,19
Billy,11,90,0,24,19,67
Pascal,5,90,80,90,88,90
Pascal,6,80,90,88,90,0
Pascal,7,90,88,90,0,0
Pascal,8,88,90,0,0,90
Pascal,9,90,0,0,90,90
Pascal,10,0,0,90,90,90
Pascal,11,0,90,90,90,90
João Pedro,5,87,33,30,76,26
João Pedro,6,33,30,76,26,27
João Pedro,7,30,76,26,27,45
João Pedro,8,76,26,27,45,88
João Pedro,9,26,27,45,88,64
João Pedro,10,27,45,88,64,12
João Pedro,11,45,88,64,12,45
Adam,5,0,9,30,9,63
Adam,6,9,30,9,63,0
Adam,7,30,9,63,0,0
Adam,8,9,63,0,0,0
Adam,9,63,0,0,0,0
Adam,10,0,0,0,0,58
Adam,11,0,0,0,58,45
Tariq,5,0,0,0,13,76
Tariq,6,0,0,13,76,3
Tariq,7,0,13,76,3,45
Tariq,8,13,76,3,45,0
Tariq,9,76,3,45,0,0
Tariq,10,3,45,0,0,0
Tariq,11,45,0,0,0,0
Solly,5,73,90,71,80,0
Solly,6,90,71,80,0,0
Solly,7,71,80,0,0,61
Solly,8,80,0,0,61,90
Solly,9,0,0,61,90,90
Solly,10,0,61,90,90,0
Solly,11,61,90,90,0,0
James,5,78,56,71,9,13
James,6,56,71,9,13,0
James,7,71,9,13,0,0
James,8,9,13,0,0,0
James,9,13,0,0,0,45
James,10,0,0,0,45,0
James,11,0,0,45,0,78
Kaoru,5,90,80,90,90,90
Kaoru,6,80,90,90,90,45
Kaoru,7,90,90,90,45,90
Kaoru,8,90,90,45,90,90
Kaoru,9,90,45,90,90,90
Kaoru,10,45,90,90,90,90
Kaoru,11,90,90,90,90,90
Jason,5,90,90,0,0,90
Jason,6,90,0,0,90,0
Jason,7,0,0,90,0,90
Jason,8,0,90,0,90,0
Jason,9,90,0,90,0,90
Jason,10,0,90,0,90,90
Jason,11,90,0,90,90,0
Jan Paul,5,90,0,0,90,90
Jan Paul,6,0,0,90,90,0
Jan Paul,7,0,90,90,0,0
Jan Paul,8,90,90,0,0,27
Jan Paul,9,90,0,0,27,1
Jan Paul,10,0,0,27,1,0
Jan Paul,11,0,27,1,0,90
Joël,5,11,33,18,90,90
Joël,6,33,18,90,90,90
Joël,7,18,90,90,90,90
Joël,8,90,90,90,90,90
Joël,9,90,90,90,90,45
Joël,10,90,90,90,45,19
Joël,11,90,90,45,19,90
Bart,5,0,0,90,90,0
Bart,6,0,90,90,0,90
Bart,7,90,90,0,90,0
Bart,8,90,0,90,0,90
Bart,9,0,90,0,90,0
Bart,10,90,0,90,0,0
Bart,11,0,90,0,0,90
Adam,5,0,90,90,0,0
Adam,6,90,90,0,0,90
Adam,7,90,0,0,90,90
Adam,8,0,0,90,90,0
Adam,9,0,90,90,0,0
Adam,10,90,90,0,0,90
Adam,11,90,0,0,90,0
Danny,5,77,56,59,0,63
Danny,6,56,59,0,63,62
Danny,7,59,0,63,62,45
Danny,8,0,63,62,45,30
Danny,9,63,62,45,30,15
Danny,10,62,45,30,15,0
Danny,11,45,30,15,0,0
Igor Julio,8,0,0,0,0,62
Igor Julio,9,0,0,0,62,90
Igor Julio,10,0,0,62,90,90
Igor Julio,11,0,62,90,90,1
Jack,7,0,0,0,0,85
Jack,8,0,0,0,85,0
Jack,9,0,0,85,0,0
Jack,10,0,85,0,0,0
Jack,11,85,0,0,0,0
Carlos,8,0,0,16,4,90
Carlos,9,0,16,4,90,65
Carlos,10,16,4,90,65,70
Carlos,11,4,90,65,70,0
Anssumane,8,0,26,45,45,1
Anssumane,9,26,45,45,1,25
Anssumane,10,45,45,1,25,32
Anssumane,11,45,1,25,32,22
Ameen,6,90,90,90,90,90
Ameen,7,90,90,90,90,90
Ameen,7,90,90,90,90,90
Ameen,8,90,90,90,90,45
Ameen,9,90,90,90,45,90
Ameen,10,90,90,45,90,90
Ameen,11,90,45,90,90,0
Manuel Benson,6,16,45,0,0,4
Manuel Benson,7,45,0,0,4,0
Manuel Benson,7,0,0,4,0,0
Manuel Benson,8,0,4,0,0,0
Manuel Benson,9,4,0,0,0,0
Jordan,6,73,0,73,87,90
Jordan,7,0,73,87,90,90
Jordan,7,73,87,90,90,90
Jordan,8,87,90,90,90,0
Jordan,9,90,90,90,0,0
Jordan,10,90,90,0,0,0
Jordan,11,90,0,0,0,85
Josh,6,1,0,45,90,85
Josh,7,0,45,90,85,90
Josh,7,45,90,85,90,90
Josh,8,90,85,90,90,90
Josh,9,85,90,90,90,24
Josh,10,90,90,90,24,90
Josh,11,90,90,24,90,90
Jack,6,0,0,16,0,0
Jack,7,0,16,0,0,0
Jack,7,16,0,0,0,0
Josh,6,90,90,90,90,90
Josh,7,90,90,90,90,90
Josh,7,90,90,90,90,90
Josh,8,90,90,90,90,60
Josh,9,90,90,90,60,90
Josh,10,90,90,60,90,59
Josh,11,90,60,90,59,0
Lyle,6,90,80,90,90,0
Lyle,7,80,90,90,0,0
Lyle,7,90,90,0,0,79
Lyle,8,90,0,0,79,90
Lyle,9,0,0,79,90,90
Lyle,10,0,79,90,90,0
Lyle,11,79,90,90,0,0
Jóhann Berg,6,0,45,45,62,19
Jóhann Berg,7,45,45,62,19,0
Jóhann Berg,7,45,62,19,0,0
Jóhann Berg,8,62,19,0,0,0
Jóhann Berg,9,19,0,0,0,0
Jóhann Berg,10,0,0,0,0,80
Jóhann Berg,11,0,0,0,80,90
Dara,6,90,90,90,0,0
Dara,7,90,90,0,0,0
Dara,7,90,0,0,0,0
Dara,8,0,0,0,0,45
Dara,9,0,0,0,45,90
Dara,10,0,0,45,90,90
Dara,11,0,45,90,90,90
Connor,6,90,90,90,90,90
Connor,7,90,90,90,90,87
Connor,7,90,90,90,87,90
Connor,8,90,90,87,90,29
Connor,9,90,87,90,29,77
Connor,10,87,90,29,77,0
Connor,11,90,29,77,0,0
Jay,6,0,9,0,0,17
Jay,7,9,0,0,17,32
Jay,7,0,0,17,32,10
Jay,8,0,17,32,10,0
Jay,9,17,32,10,0,0
Jay,10,32,10,0,0,45
Jay,11,10,0,0,45,90
Charlie,6,0,0,0,90,90
Charlie,7,0,0,90,90,90
Charlie,7,0,90,90,90,90
Charlie,8,90,90,90,90,90
Charlie,9,90,90,90,90,90
Charlie,10,90,90,90,90,90
Charlie,11,90,90,90,90,90
Victor,6,90,0,0,0,0
Victor,7,0,0,0,0,2
Victor,7,0,0,0,2,0
Victor,8,0,0,2,0,60
Victor,9,0,2,0,60,0
Victor,10,2,0,60,0,90
Victor,11,0,60,0,90,90
Anass,6,30,0,0,27,0
Anass,7,0,0,27,0,2
Anass,7,0,27,0,2,0
Anass,8,27,0,2,0,0
Anass,9,0,2,0,0,0
Anass,10,2,0,0,0,67
Anass,11,0,0,0,67,0
Sander,6,90,67,45,26,17
Sander,7,67,45,26,17,87
Sander,7,45,26,17,87,90
Sander,8,26,17,87,90,90
Sander,9,17,87,90,90,65
Sander,10,87,90,90,65,30
Sander,11,90,90,65,30,90
Zeki,6,60,80,59,63,72
Zeki,7,80,59,63,72,57
Zeki,7,59,63,72,57,73
Zeki,8,63,72,57,73,0
Zeki,9,72,57,73,0,75
Zeki,10,57,73,0,75,45
Zeki,11,73,0,75,45,77
James,6,90,90,90,90,90
James,7,90,90,90,90,90
James,7,90,90,90,90,90
James,8,90,90,90,90,90
James,9,90,90,90,90,90
James,10,90,90,90,90,90
James,11,90,90,90,90,90
Nathan,6,1,22,30,0,0
Nathan,7,22,30,0,0,0
Nathan,7,30,0,0,0,0
Nathan,9,0,0,0,0,14
Nathan,10,0,0,0,14,9
Nathan,11,0,0,14,9,12
Luca,6,60,67,67,75,72
Luca,7,67,67,75,72,57
Luca,7,67,75,72,57,74
Luca,8,75,72,57,74,29
Luca,9,72,57,74,29,45
Luca,10,57,74,29,45,80
Luca,11,74,29,45,80,77
Jacob,6,29,9,22,0,17
Jacob,7,9,22,0,17,32
Jacob,7,22,0,17,32,15
Jacob,8,0,17,32,15,11
Jacob,9,17,32,15,11,14
Jacob,10,32,15,11,14,22
Jacob,11,15,11,14,22,1
Wilson,7,0,0,0,0,23
Wilson,7,0,0,0,23,0
Wilson,8,0,0,23,0,78
Wilson,9,0,23,0,78,45
Wilson,10,23,0,78,45,0
Wilson,11,0,78,45,0,12
Hannes,7,90,45,3,0,0
Hannes,7,45,3,0,0,1
Hannes,8,3,0,0,1,90
Hannes,9,0,0,1,90,10
Hannes,10,0,1,90,10,0
Hannes,11,1,90,10,0,0
Aaron,7,22,0,0,72,66
Aaron,7,0,0,72,66,19
Aaron,8,0,72,66,19,29
Aaron,9,72,66,19,29,0
Aaron,10,66,19,29,0,0
Aaron,11,19,29,0,0,0
Mike,8,14,70,0,0,60
Mike,9,70,0,0,60,65
Mike,10,0,0,60,65,9
Mike,11,0,60,65,9,4
Moisés,5,0,29,90,76,0
Moisés,6,29,90,76,0,78
Moisés,7,90,76,0,78,90
Moisés,8,76,0,78,90,90
Moisés,9,0,78,90,90,90
Moisés,10,78,90,90,90,80
Moisés,11,90,90,90,80,90
Robert,5,90,90,90,90,90
Robert,6,90,90,90,90,90
Robert,7,90,90,90,90,90
Robert,8,90,90,90,90,90
Robert,9,90,90,90,90,90
Robert,10,90,90,90,90,90
Robert,11,90,90,90,90,90
Armando,6,0,0,0,0,11
Armando,7,0,0,0,11,64
Armando,8,0,0,11,64,45
Armando,9,0,11,64,45,0
Armando,10,11,64,45,0,0
Armando,11,64,45,0,0,0
Ben,5,89,60,85,61,10
Ben,6,60,85,61,10,29
Ben,7,85,61,10,29,0
Ben,8,61,10,29,0,0
Ben,9,10,29,0,0,0
Ben,10,29,0,0,0,0
Carney,5,80,45,0,0,0
Carney,6,45,0,0,0,0
Levi,5,90,90,90,90,79
Levi,6,90,90,90,79,90
Levi,7,90,90,79,90,90
Levi,8,90,79,90,90,90
Levi,9,79,90,90,90,90
Levi,10,90,90,90,90,90
Levi,11,90,90,90,90,45
Marc,7,0,0,0,0,90
Marc,8,0,0,0,90,90
Marc,9,0,0,90,90,90
Marc,10,0,90,90,90,80
Marc,11,90,90,90,80,45
Enzo,5,90,90,90,90,80
Enzo,6,90,90,90,80,67
Enzo,7,90,90,80,67,90
Enzo,8,90,80,67,90,90
Enzo,9,80,67,90,90,90
Enzo,10,67,90,90,90,0
Enzo,11,90,90,90,0,57
Conor,5,90,74,90,61,90
Conor,6,74,90,61,90,90
Conor,7,90,61,90,90,90
Conor,8,61,90,90,90,90
Conor,9,90,90,90,90,90
Conor,10,90,90,90,90,90
Conor,11,90,90,90,90,90
Malo,5,14,82,90,76,90
Malo,6,82,90,76,90,57
Malo,7,90,76,90,57,0
Malo,8,76,90,57,0,0
Malo,9,90,57,0,0,90
Malo,10,57,0,0,90,0
Malo,11,0,0,90,0,13
Reece,5,75,0,0,0,0
Reece,9,0,0,0,0,6
Reece,10,0,0,0,6,23
Reece,11,0,0,6,23,76
Noni,5,0,15,0,28,0
Noni,6,15,0,28,0,0
Noni,7,0,28,0,0,1
Noni,8,28,0,0,1,0
Noni,9,0,0,1,0,6
Noni,10,0,1,0,6,66
Noni,11,1,0,6,66,0
Mykhailo,5,9,45,0,13,62
Mykhailo,6,45,0,13,62,60
Mykhailo,7,0,13,62,60,45
Mykhailo,8,13,62,60,45,7
Mykhailo,9,62,60,45,7,65
Mykhailo,10,60,45,7,65,0
Mykhailo,11,45,7,65,0,32
Nicolas,5,90,90,82,90,90
Nicolas,6,90,82,90,90,67
Nicolas,7,82,90,90,67,0
Nicolas,8,90,90,67,0,45
Nicolas,9,90,67,0,45,24
Nicolas,10,67,0,45,24,90
Nicolas,11,0,45,24,90,90
Raheem,5,80,90,90,90,90
Raheem,6,90,90,90,90,90
Raheem,7,90,90,90,90,25
Raheem,8,90,90,90,25,82
Raheem,9,90,90,25,82,83
Raheem,10,90,25,82,83,90
Raheem,11,25,82,83,90,90
Thiago,5,90,90,90,90,90
Thiago,6,90,90,90,90,90
Thiago,7,90,90,90,90,90
Thiago,8,90,90,90,90,90
Thiago,9,90,90,90,90,90
Thiago,10,90,90,90,90,90
Thiago,11,90,90,90,90,90
Cole,5,10,0,0,28,27
Cole,6,0,0,28,27,22
Cole,7,0,28,27,22,77
Cole,8,28,27,22,77,85
Cole,9,27,22,77,85,83
Cole,10,22,77,85,83,90
Cole,11,77,85,83,90,90
Ian,5,9,0,4,13,9
Ian,6,0,4,13,9,0
Ian,7,4,13,9,0,45
Ian,8,13,9,0,45,4
Ian,9,9,0,45,4,0
Ian,10,0,45,4,0,23
Ian,11,45,4,0,23,0
Axel,5,90,90,90,90,90
Axel,6,90,90,90,90,90
Axel,7,90,90,90,90,90
Axel,8,90,90,90,90,90
Axel,9,90,90,90,90,0
Axel,10,90,90,90,0,66
Axel,11,90,90,0,66,90
Lesley,5,1,0,7,0,90
Lesley,6,0,7,0,90,22
Lesley,7,7,0,90,22,12
Lesley,8,0,90,22,12,0
Lesley,9,90,22,12,0,0
Lesley,10,22,12,0,0,9
Lesley,11,12,0,0,9,1
Mason,5,0,7,1,0,0
Mason,6,7,1,0,0,0
Mason,7,1,0,0,0,0
Deivid Washington,10,0,0,0,0,9
Deivid Washington,11,0,0,0,9,0
Alex,9,0,0,1,0,0
Alex,10,0,1,0,0,0
Alex,11,1,0,0,0,0
Naouirou,5,0,16,19,0,1
Naouirou,6,16,19,0,1,0
Naouirou,7,19,0,1,0,0
Naouirou,8,0,1,0,0,0
Naouirou,9,1,0,0,0,0
Naouirou,10,0,0,0,0,20
Naouirou,11,0,0,0,20,20
Joachim,5,90,90,90,90,90
Joachim,6,90,90,90,90,90
Joachim,7,90,90,90,90,90
Joachim,8,90,90,90,90,90
Joachim,9,90,90,90,90,90
Joachim,10,90,90,90,90,90
Joachim,11,90,90,90,90,90
Jordan,5,90,90,90,90,24
Jordan,6,90,90,90,24,90
Jordan,7,90,90,24,90,90
Jordan,8,90,24,90,90,90
Jordan,9,24,90,90,90,90
Jordan,10,90,90,90,90,90
Jordan,11,90,90,90,90,90
Nathaniel,8,0,0,0,0,90
Nathaniel,9,0,0,0,90,0
Nathaniel,10,0,0,90,0,20
Nathaniel,11,0,90,0,20,20
Cheick,5,90,90,90,90,90
Cheick,6,90,90,90,90,90
Cheick,7,90,90,90,90,90
Cheick,8,90,90,90,90,0
Cheick,9,90,90,90,0,90
Cheick,10,90,90,0,90,90
Cheick,11,90,0,90,90,57
Odsonne,5,90,90,70,89,89
Odsonne,6,90,70,89,89,90
Odsonne,7,70,89,89,90,0
Odsonne,8,89,89,90,0,90
Odsonne,9,89,90,0,90,90
Odsonne,10,90,0,90,90,78
Odsonne,11,0,90,90,78,85
Eberechi,5,90,90,90,90,90
Eberechi,6,90,90,90,90,90
Eberechi,7,90,90,90,90,87
Eberechi,8,90,90,90,87,0
Eberechi,9,90,90,87,0,0
Eberechi,10,90,87,0,0,0
Eberechi,11,87,0,0,0,32
Marc,5,90,90,90,90,0
Marc,6,90,90,90,0,90
Marc,7,90,90,0,90,90
Marc,8,90,0,90,90,90
Marc,9,0,90,90,90,90
Marc,10,90,90,90,90,90
Marc,11,90,90,90,90,90
Will,5,0,0,0,1,90
Will,6,0,0,1,90,90
Will,7,0,1,90,90,90
Will,8,1,90,90,90,90
Will,9,90,90,90,90,69
Will,10,90,90,90,69,69
Will,11,90,90,69,69,90
Sam,5,90,90,90,90,90
Sam,6,90,90,90,90,90
Sam,7,90,90,90,90,90
Sam,8,90,90,90,90,90
Sam,9,90,90,90,90,90
Sam,10,90,90,90,90,90
Sam,11,90,90,90,90,90
Jefferson,5,90,90,90,90,0
Jefferson,6,90,90,90,0,0
Jefferson,7,90,90,0,0,0
Jefferson,8,90,0,0,0,0
Jefferson,9,0,0,0,0,86
Jefferson,10,0,0,0,86,78
Jefferson,11,0,0,86,78,90
Jean-Philippe,5,0,0,19,19,65
Jean-Philippe,6,0,19,19,65,20
Jean-Philippe,7,19,19,65,20,90
Jean-Philippe,8,19,65,20,90,90
Jean-Philippe,9,65,20,90,90,60
Jean-Philippe,10,20,90,90,60,11
Jean-Philippe,11,90,90,60,11,0
Tyrick,5,90,90,90,90,90
Tyrick,6,90,90,90,90,90
Tyrick,7,90,90,90,90,90
Tyrick,8,90,90,90,90,90
Tyrick,9,90,90,90,90,90
Tyrick,10,90,90,90,90,69
Tyrick,11,90,90,90,69,90
Chris,5,0,0,0,0,90
Chris,6,0,0,0,90,0
Chris,7,0,0,90,0,2
Chris,8,0,90,0,2,15
Chris,9,90,0,2,15,0
Chris,10,0,2,15,0,0
Chris,11,2,15,0,0,4
Jairo,7,0,0,0,0,12
Jairo,8,0,0,0,12,74
Jairo,9,0,0,12,74,0
Jairo,10,0,12,74,0,0
Jairo,11,12,74,0,0,0
Jeffrey,5,90,73,70,70,90
Jeffrey,6,73,70,70,90,69
Jeffrey,7,70,70,90,69,77
Jeffrey,8,70,90,69,77,25
Jeffrey,9,90,69,77,25,0
Jeffrey,10,69,77,25,0,59
Jeffrey,11,77,25,0,59,69
James,5,1,0,0,0,0
Joel,5,90,82,90,90,90
Joel,6,82,90,90,90,90
Joel,7,90,90,90,90,90
Joel,8,90,90,90,90,0
Joel,9,90,90,90,0,90
Joel,10,90,90,0,90,90
Joel,11,90,0,90,90,69
Matheus,9,0,0,0,0,20
Matheus,10,0,0,0,20,11
Matheus,11,0,0,20,11,0
Jesurun,5,0,7,0,0,1
Jesurun,6,7,0,0,1,1
Jesurun,7,0,0,1,1,0
Jesurun,8,0,1,1,0,64
Jesurun,9,1,1,0,64,29
Jesurun,10,1,0,64,29,30
Jesurun,11,0,64,29,30,0
David,11,0,0,3,0,0
Jarrad,5,0,0,90,90,90
Jarrad,6,0,90,90,90,90
Jarrad,7,90,90,90,90,90
Jarrad,8,90,90,90,90,90
Jarrad,9,90,90,90,90,90
Jarrad,10,90,90,90,90,90
Jarrad,11,90,90,90,90,90
Dominic,5,0,37,0,0,24
Dominic,6,37,0,0,24,27
Dominic,7,0,0,24,27,90
Dominic,8,0,24,27,90,82
Dominic,9,24,27,90,82,60
Dominic,10,27,90,82,60,88
Dominic,11,90,82,60,88,89
Abdoulaye,5,90,90,90,90,79
Abdoulaye,6,90,90,90,79,90
Abdoulaye,7,90,90,79,90,59
Abdoulaye,8,90,79,90,59,90
Abdoulaye,9,79,90,59,90,90
Abdoulaye,10,90,59,90,90,90
Abdoulaye,11,59,90,90,90,90
James,5,82,90,90,74,10
James,6,90,90,74,10,90
James,7,90,74,10,90,90
James,8,74,10,90,90,90
James,9,10,90,90,90,90
James,10,90,90,90,90,90
James,11,90,90,90,90,90
Ben,5,0,0,0,1,0
Ben,6,0,0,1,0,0
Ben,7,0,1,0,0,0
Ben,8,1,0,0,0,0
Idrissa,5,90,45,90,90,90
Idrissa,6,45,90,90,90,90
Idrissa,7,90,90,90,90,45
Idrissa,8,90,90,90,45,0
Idrissa,9,90,90,45,0,0
Idrissa,10,90,45,0,0,0
Idrissa,11,45,0,0,0,90
Michael,5,90,90,1,0,0
Michael,6,90,1,0,0,0
Michael,7,1,0,0,0,0
Michael,9,0,0,0,0,45
Michael,10,0,0,0,45,0
Michael,11,0,0,45,0,0
Dwight,5,0,0,0,15,87
Dwight,6,0,0,15,87,90
Dwight,7,0,15,87,90,83
Dwight,8,15,87,90,83,90
Dwight,9,87,90,83,90,45
Dwight,10,90,83,90,45,90
Dwight,11,83,90,45,90,90
Vitalii,5,0,0,0,0,90
Vitalii,6,0,0,0,90,90
Vitalii,7,0,0,90,90,90
Vitalii,8,0,90,90,90,90
Vitalii,9,90,90,90,90,87
Vitalii,10,90,90,90,87,90
Vitalii,11,90,90,87,90,90
Amadou,5,90,90,90,90,90
Amadou,6,90,90,90,90,76
Amadou,7,90,90,90,76,90
Amadou,8,90,90,76,90,90
Amadou,9,90,76,90,90,79
Amadou,10,76,90,90,79,90
Amadou,11,90,90,79,90,0
Nathan,5,90,90,90,90,3
Nathan,6,90,90,90,3,0
Nathan,7,90,90,3,0,12
Nathan,8,90,3,0,12,12
Nathan,9,3,0,12,12,45
Nathan,10,0,12,12,45,90
Nathan,11,12,12,45,90,1
Jordan,5,90,90,90,90,90
Jordan,6,90,90,90,90,90
Jordan,7,90,90,90,90,90
Jordan,8,90,90,90,90,90
Jordan,9,90,90,90,90,90
Jordan,10,90,90,90,90,90
Jordan,11,90,90,90,90,90
James,5,90,90,90,90,90
James,6,90,90,90,90,90
James,7,90,90,90,90,90
James,8,90,90,90,90,90
James,9,90,90,90,90,90
James,10,90,90,90,90,90
James,11,90,90,90,90,90
Ashley,5,90,90,90,90,86
Ashley,6,90,90,90,86,90
Ashley,7,90,90,86,90,77
Ashley,8,90,86,90,77,90
Ashley,9,86,90,77,90,36
Ashley,10,90,77,90,36,0
Ashley,11,77,90,36,0,89
Arnaut,5,18,52,90,90,90
Arnaut,6,52,90,90,90,13
Arnaut,7,90,90,90,13,6
Arnaut,8,90,90,13,6,0
Arnaut,9,90,13,6,0,10
Arnaut,10,13,6,0,10,0
Arnaut,11,6,0,10,0,0
Lewis,5,7,45,65,0,0
Lewis,6,45,65,0,0,0
Lewis,7,65,0,0,0,0
Youssef,5,0,0,24,0,2
Youssef,6,0,24,0,2,0
Youssef,7,24,0,2,0,0
Youssef,8,0,2,0,0,1
Youssef,9,2,0,0,1,2
Youssef,10,0,0,1,2,1
Youssef,11,0,1,2,1,0
Thomas,5,0,0,1,0,0
Thomas,6,0,1,0,0,0
Thomas,7,1,0,0,0,0
Tyler,5,0,1,0,0,0
Tyler,6,1,0,0,0,0
Jack,7,0,0,0,0,45
Jack,8,0,0,0,45,77
Jack,9,0,0,45,77,45
Jack,10,0,45,77,45,90
Jack,11,45,77,45,90,90
Norberto Bercique,8,90,65,62,30,7
Norberto Bercique,9,65,62,30,7,29
Norberto Bercique,10,62,30,7,29,0
Norberto Bercique,11,30,7,29,0,1
Alex,5,90,50,0,0,28
Alex,6,50,0,0,28,15
Alex,7,0,0,28,15,36
Alex,8,0,28,15,36,78
Alex,9,28,15,36,78,45
Alex,10,15,36,78,45,90
Alex,11,36,78,45,90,88
Andreas,5,32,67,62,90,80
Andreas,6,67,62,90,80,74
Andreas,7,62,90,80,74,74
Andreas,8,90,80,74,74,70
Andreas,9,80,74,74,70,45
Andreas,10,74,74,70,45,32
Andreas,11,74,70,45,32,80
Tom,5,57,0,27,15,9
Tom,6,0,27,15,9,0
Tom,7,27,15,9,0,25
Tom,8,15,9,0,25,19
Tom,9,9,0,25,19,8
Tom,10,0,25,19,8,4
Tom,11,25,19,8,4,1
Bobby,5,45,67,88,72,9
Bobby,6,67,88,72,9,78
Bobby,7,88,72,9,78,0
Bobby,8,72,9,78,0,77
Bobby,9,9,78,0,77,61
Bobby,10,78,0,77,61,57
Bobby,11,0,77,61,57,9
Issa,5,90,90,90,90,90
Issa,6,90,90,90,90,90
Issa,7,90,90,90,90,90
Issa,8,90,90,90,90,70
Issa,9,90,90,90,70,0
Issa,10,90,90,70,0,0
Issa,11,90,70,0,0,0
Bernd,5,90,90,90,90,90
Bernd,6,90,90,90,90,90
Bernd,7,90,90,90,90,90
Bernd,8,90,90,90,90,90
Bernd,9,90,90,90,90,90
Bernd,10,90,90,90,90,90
Bernd,11,90,90,90,90,90
Saša,5,90,90,70,0,0
Saša,6,90,70,0,0,0
Saša,7,70,0,0,0,15
Saša,8,0,0,0,15,0
Saša,9,0,0,15,0,71
Saša,10,0,15,0,71,1
Saša,11,15,0,71,1,14
Aleksandar,5,32,0,0,0,0
Rodrigo,5,0,4,0,9,0
Rodrigo,6,4,0,9,0,0
Rodrigo,7,0,9,0,0,0
Rodrigo,8,9,0,0,0,12
Rodrigo,9,0,0,0,12,0
Rodrigo,10,0,0,12,0,32
Rodrigo,11,0,12,0,32,75
João,5,0,23,90,0,90
João,6,23,90,0,90,90
João,7,90,0,90,90,90
João,8,0,90,90,90,90
João,9,90,90,90,90,81
João,10,90,90,90,81,90
João,11,90,90,81,90,90
Tim,5,90,63,0,90,90
Tim,6,63,0,90,90,90
Tim,7,0,90,90,90,90
Tim,8,90,90,90,90,90
Tim,9,90,90,90,90,90
Tim,10,90,90,90,90,90
Tim,11,90,90,90,90,90
Harrison,5,90,66,20,90,61
Harrison,6,66,20,90,61,90
Harrison,7,20,90,61,90,64
Harrison,8,90,61,90,64,11
Harrison,9,61,90,64,11,18
Harrison,10,90,64,11,18,57
Harrison,11,64,11,18,57,0
Antonee,5,90,90,90,90,0
Antonee,6,90,90,90,0,90
Antonee,7,90,90,0,90,90
Antonee,8,90,0,90,90,90
Antonee,9,0,90,90,90,90
Antonee,10,90,90,90,90,90
Antonee,11,90,90,90,90,90
Kenny,5,90,85,90,72,90
Kenny,6,85,90,72,90,0
Kenny,7,90,72,90,0,0
Kenny,8,72,90,0,0,0
Kenny,9,90,0,0,0,0
Tosin,5,0,0,1,0,0
Tosin,6,0,1,0,0,0
Tosin,7,1,0,0,0,0
Carlos Vinícius,5,0,0,0,0,28
Carlos Vinícius,6,0,0,0,28,11
Carlos Vinícius,7,0,0,28,11,37
Carlos Vinícius,8,0,28,11,37,77
Carlos Vinícius,9,28,11,37,77,45
Carlos Vinícius,10,11,37,77,45,0
Carlos Vinícius,11,37,77,45,0,14
Harry,5,90,90,70,80,80
Harry,6,90,70,80,80,11
Harry,7,70,80,80,11,53
Harry,8,80,80,11,53,12
Harry,9,80,11,53,12,28
Harry,10,11,53,12,28,32
Harry,11,53,12,28,32,89
Raúl,5,57,85,90,80,61
Raúl,6,85,90,80,61,78
Raúl,7,90,80,61,78,52
Raúl,8,80,61,78,52,0
Raúl,9,61,78,52,0,45
Raúl,10,78,52,0,45,57
Raúl,11,52,0,45,57,1
Willian,5,45,22,0,17,90
Willian,6,22,0,17,90,90
Willian,7,0,17,90,90,90
Willian,8,17,90,90,90,90
Willian,9,90,90,90,90,90
Willian,10,90,90,90,90,85
Willian,11,90,90,90,85,75
Calvin,5,0,23,82,0,1
Calvin,6,23,82,0,1,0
Calvin,7,82,0,1,0,0
Calvin,8,0,1,0,0,19
Calvin,9,1,0,0,19,90
Calvin,10,0,0,19,90,90
Calvin,11,0,19,90,90,90
Adama,6,4,19,9,0,0
Adama,7,19,9,0,0,0
Adama,8,9,0,0,0,0
Luke,7,0,74,0,0,0
Luke,8,74,0,0,0,0
Timothy,8,17,90,90,90,90
Timothy,9,90,90,90,90,90
Timothy,10,90,90,90,90,90
Timothy,11,90,90,90,90,90
Trent,5,90,75,90,71,0
Trent,6,75,90,71,0,0
Trent,7,90,71,0,0,16
Trent,8,71,0,0,16,79
Trent,9,0,0,16,79,90
Trent,10,0,16,79,90,88
Trent,11,16,79,90,88,90
Alisson,5,90,90,90,90,90
Alisson,6,90,90,90,90,90
Alisson,7,90,90,90,90,90
Alisson,8,90,90,90,90,90
Alisson,9,90,90,90,90,90
Alisson,10,90,90,90,90,90
Alisson,11,90,90,90,90,90
Darwin,5,24,4,13,64,34
Darwin,6,4,13,64,34,80
Darwin,7,13,64,34,80,0
Darwin,8,64,34,80,0,90
Darwin,9,34,80,0,90,28
Darwin,10,80,0,90,28,79
Darwin,11,0,90,28,79,90
Diogo,5,65,75,32,25,55
Diogo,6,75,32,25,55,9
Diogo,7,32,25,55,9,23
Diogo,8,25,55,9,23,0
Diogo,9,55,9,23,0,90
Diogo,10,9,23,0,90,57
Diogo,11,23,0,90,57,65
Harvey,5,13,14,32,26,34
Harvey,6,14,32,26,34,0
Harvey,7,32,26,34,0,0
Harvey,8,26,34,0,0,45
Harvey,9,34,0,0,45,28
Harvey,10,0,0,45,28,31
Harvey,11,0,45,28,31,24
Cody,5,65,62,57,25,55
Cody,6,62,57,25,55,9
Cody,7,57,25,55,9,45
Cody,8,25,55,9,45,0
Cody,9,55,9,45,0,0
Cody,10,9,45,0,0,32
Cody,11,45,0,0,32,24
Joe,5,0,14,57,90,90
Joe,6,14,57,90,90,90
Joe,7,57,90,90,90,72
Joe,8,90,90,90,72,10
Joe,9,90,90,72,10,9
Joe,10,90,72,10,9,1
Joe,11,72,10,9,1,66
Curtis,5,24,0,0,63,90
Curtis,6,0,0,63,90,76
Curtis,7,0,63,90,76,25
Curtis,8,63,90,76,25,0
Curtis,9,90,76,25,0,0
Curtis,10,76,25,0,0,0
Curtis,11,25,0,0,0,0
Ibrahima,5,90,90,0,0,7
Ibrahima,6,90,0,0,7,0
Ibrahima,7,0,0,7,0,17
Ibrahima,8,0,7,0,17,17
Ibrahima,9,7,0,17,17,66
Ibrahima,10,0,17,17,66,90
Ibrahima,11,17,17,66,90,90
Luis,5,76,85,32,64,45
Luis,6,85,32,64,45,80
Luis,7,32,64,45,80,72
Luis,8,64,45,80,72,90
Luis,9,45,80,72,90,80
Luis,10,80,72,90,80,0
Luis,11,72,90,80,0,7
Alexis,5,90,57,76,86,45
Alexis,6,57,76,86,45,87
Alexis,7,76,86,45,87,79
Alexis,8,86,45,87,79,90
Alexis,9,45,87,79,90,90
Alexis,10,87,79,90,90,90
Alexis,11,79,90,90,90,90
Joel,5,0,0,76,90,90
Joel,6,0,76,90,90,90
Joel,7,76,90,90,90,90
Joel,8,90,90,90,90,72
Joel,9,90,90,90,72,23
Joel,10,90,90,72,23,0
Joel,11,90,72,23,0,0
Andrew,5,90,90,90,90,90
Andrew,6,90,90,90,90,90
Andrew,7,90,90,90,90,90
Andrew,8,90,90,90,90,90
Andrew,9,90,90,90,90,0
Andrew,10,90,90,90,0,0
Andrew,11,90,90,0,0,0
Mohamed,5,76,85,90,90,90
Mohamed,6,85,90,90,90,90
Mohamed,7,90,90,90,90,73
Mohamed,8,90,90,90,73,90
Mohamed,9,90,90,73,90,90
Mohamed,10,90,73,90,90,90
Mohamed,11,73,90,90,90,90
Dominik,5,90,90,90,90,90
Dominik,6,90,90,90,90,90
Dominik,7,90,90,90,90,90
Dominik,8,90,90,90,90,90
Dominik,9,90,90,90,90,90
Dominik,10,90,90,90,90,90
Dominik,11,90,90,90,90,65
Konstantinos,5,0,4,0,0,0
Konstantinos,6,4,0,0,0,0
Konstantinos,9,0,0,0,0,61
Konstantinos,10,0,0,0,61,90
Konstantinos,11,0,0,61,90,23
Virgil,5,90,90,27,0,0
Virgil,6,90,27,0,0,90
Virgil,7,27,0,0,90,90
Virgil,8,0,0,90,90,90
Virgil,9,0,90,90,90,90
Virgil,10,90,90,90,90,90
Virgil,11,90,90,90,90,90
Jarell,5,0,0,13,19,82
Jarell,6,0,13,19,82,0
Jarell,7,13,19,82,0,0
Jarell,8,19,82,0,0,0
Jarell,9,82,0,0,0,0
Ben,5,13,0,0,0,0
Wataru,6,27,57,3,0,2
Wataru,7,57,3,0,2,17
Wataru,8,3,0,2,17,0
Wataru,9,0,2,17,0,0
Wataru,10,2,17,0,0,10
Wataru,11,17,0,0,10,0
Ryan,9,1,13,10,45,61
Ryan,10,13,10,45,61,58
Ryan,11,10,45,61,58,82
Albert,5,0,0,0,0,74
Albert,6,0,0,0,74,56
Albert,7,0,0,74,56,0
Albert,7,0,74,56,0,0
Albert,8,74,56,0,0,0
Albert,9,56,0,0,0,0
Marvelous,6,90,90,90,90,90
Marvelous,7,90,90,90,90,90
Marvelous,7,90,90,90,90,90
Marvelous,8,90,90,90,90,90
Marvelous,9,90,90,90,90,90
Marvelous,10,90,90,90,90,75
Marvelous,11,90,90,90,75,90
Elijah,6,63,69,70,15,5
Elijah,7,69,70,15,5,12
Elijah,7,70,15,5,12,28
Elijah,8,15,5,12,28,66
Elijah,9,5,12,28,66,18
Elijah,10,12,28,66,18,14
Elijah,11,28,66,18,14,15
Mads Juel,6,75,13,90,90,0
Mads Juel,7,13,90,90,0,45
Mads Juel,7,90,90,0,45,0
Mads Juel,8,90,0,45,0,58
Mads Juel,9,0,45,0,58,0
Mads Juel,10,45,0,58,0,0
Mads Juel,11,0,58,0,0,0
Amari'i,6,90,90,90,90,90
Amari'i,7,90,90,90,90,90
Amari'i,7,90,90,90,90,20
Amari'i,8,90,90,90,20,0
Amari'i,9,90,90,20,0,0
Amari'i,10,90,20,0,0,0
Amari'i,11,20,0,0,0,0
Luke,6,2,0,0,0,0
Luke,8,0,0,0,0,24
Luke,9,0,0,0,24,0
Luke,10,0,0,24,0,0
Luke,11,0,24,0,0,0
Reece,6,0,76,90,81,90
Reece,7,76,90,81,90,45
Reece,7,90,81,90,45,69
Reece,8,81,90,45,69,90
Reece,9,90,45,69,90,54
Reece,10,45,69,90,54,0
Reece,11,69,90,54,0,0
Alfie,6,26,20,77,16,71
Alfie,7,20,77,16,71,82
Alfie,7,77,16,71,82,90
Alfie,8,16,71,82,90,90
Alfie,9,71,82,90,90,90
Alfie,10,82,90,90,90,78
Alfie,11,90,90,90,78,90
Carlton,6,90,90,90,73,90
Carlton,7,90,90,73,90,77
Carlton,7,90,73,90,77,90
Carlton,8,73,90,77,90,90
Carlton,9,90,77,90,90,81
Carlton,10,77,90,90,81,75
Carlton,11,90,90,81,75,74
Chiedozie,6,14,13,12,16,90
Chiedozie,7,13,12,16,90,90
Chiedozie,7,12,16,90,90,90
Chiedozie,8,16,90,90,90,90
Chiedozie,9,90,90,90,90,90
Chiedozie,10,90,90,90,90,90
Chiedozie,11,90,90,90,90,79
Gabriel,10,0,0,0,0,56
Gabriel,11,0,0,0,56,90
Cauley,6,2,0,6,9,18
Cauley,7,0,6,9,18,7
Cauley,7,6,9,18,7,0
Cauley,8,9,18,7,0,23
Cauley,9,18,7,0,23,9
Cauley,10,7,0,23,9,0
Cauley,11,0,23,9,0,0
Teden,7,0,0,0,0,34
Teden,7,0,0,0,34,90
Teden,8,0,0,34,90,31
Teden,9,0,34,90,31,90
Teden,10,34,90,31,90,90
Teden,11,90,31,90,90,90
Ryan,6,90,90,70,0,18
Ryan,7,90,70,0,18,0
Ryan,7,70,0,18,0,0
Ryan,8,0,18,0,0,0
Ryan,9,18,0,0,0,0
Ryan,10,0,0,0,0,11
Ryan,11,0,0,0,11,0
Tom,6,90,90,0,90,90
Tom,7,90,0,90,90,55
Tom,7,0,90,90,55,90
Tom,8,90,90,55,90,80
Tom,9,90,55,90,80,90
Tom,10,55,90,80,90,90
Tom,11,90,80,90,90,90
Pelly Ruddock,6,87,13,19,15,33
Pelly Ruddock,7,13,19,15,33,90
Pelly Ruddock,7,19,15,33,90,90
Pelly Ruddock,8,15,33,90,90,66
Pelly Ruddock,9,33,90,90,66,71
Pelly Ruddock,10,90,90,66,71,14
Pelly Ruddock,11,90,66,71,14,0
Tahith,6,87,76,83,74,0
Tahith,7,76,83,74,0,0
Tahith,7,83,74,0,0,21
Tahith,8,74,0,0,21,23
Tahith,9,0,0,21,23,71
Tahith,10,0,21,23,71,32
Tahith,11,21,23,71,32,29
Issa,6,63,69,19,90,84
Issa,7,69,19,90,84,90
Issa,7,19,90,84,90,61
Issa,8,90,84,90,61,0
Issa,9,84,90,61,0,35
Issa,10,90,61,0,35,90
Issa,11,61,0,35,90,90
Thomas,6,90,90,90,90,90
Thomas,7,90,90,90,90,90
Thomas,7,90,90,90,90,90
Thomas,8,90,90,90,90,90
Thomas,9,90,90,90,90,90
Thomas,10,90,90,90,90,90
Thomas,11,90,90,90,90,90
Ross,6,0,76,70,0,0
Ross,7,76,70,0,0,0
Ross,7,70,0,0,0,0
Ross,8,0,0,0,0,9
Ross,9,0,0,0,9,18
Ross,10,0,0,9,18,90
Ross,11,0,9,18,90,90
Jacob,6,26,20,19,73,71
Jacob,7,20,19,73,71,90
Jacob,7,19,73,71,90,68
Jacob,8,73,71,90,68,65
Jacob,9,71,90,68,65,71
Jacob,10,90,68,65,71,57
Jacob,11,68,65,71,57,11
Manuel,5,90,90,0,90,90
Manuel,6,90,0,90,90,90
Manuel,7,0,90,90,90,90
Manuel,8,90,90,90,90,0
Manuel,9,90,90,90,0,90
Manuel,10,90,90,0,90,0
Manuel,11,90,0,90,0,90
Nathan,5,78,0,90,90,1
Nathan,6,0,90,90,1,33
Nathan,7,90,90,1,33,79
Nathan,8,90,1,33,79,90
Nathan,9,1,33,79,90,1
Nathan,10,33,79,90,1,0
Nathan,11,79,90,1,0,90
Julián,5,90,90,90,89,90
Julián,6,90,90,89,90,56
Julián,7,90,89,90,56,90
Julián,8,89,90,56,90,67
Julián,9,90,56,90,67,90
Julián,10,56,90,67,90,86
Julián,11,90,67,90,86,70
Bernardo,5,90,0,90,14,90
Bernardo,6,0,90,14,90,0
Bernardo,7,90,14,90,0,0
Bernardo,8,14,90,0,0,90
Bernardo,9,90,0,0,90,90
Bernardo,10,0,0,90,90,90
Bernardo,11,0,90,90,90,84
Oscar,5,0,0,0,1,1
Oscar,6,0,0,1,1,0
Oscar,7,0,1,1,0,45
Oscar,8,1,1,0,45,0
Oscar,9,1,0,45,0,0
Oscar,10,0,45,0,0,0
Oscar,11,45,0,0,0,5
Kevin,5,22,0,0,0,0
Rúben,5,0,90,90,90,90
Rúben,6,90,90,90,90,90
Rúben,7,90,90,90,90,90
Rúben,8,90,90,90,90,90
Rúben,9,90,90,90,90,15
Rúben,10,90,90,90,15,90
Rúben,11,90,90,15,90,0
Ederson,5,90,90,90,90,90
Ederson,6,90,90,90,90,90
Ederson,7,90,90,90,90,90
Ederson,8,90,90,90,90,90
Ederson,9,90,90,90,90,0
Ederson,10,90,90,90,0,90
Ederson,11,90,90,0,90,90
Phil,5,90,90,4,89,66
Phil,6,90,4,89,66,86
Phil,7,4,89,66,86,90
Phil,8,89,66,86,90,90
Phil,9,66,86,90,90,90
Phil,10,86,90,90,90,90
Phil,11,90,90,90,90,45
Jack,5,0,90,90,0,0
Jack,6,90,90,0,0,3
Jack,7,90,0,0,3,10
Jack,8,0,0,3,10,0
Jack,9,0,3,10,0,15
Jack,10,3,10,0,15,86
Jack,11,10,0,15,86,0
Erling,5,79,90,90,90,90
Erling,6,90,90,90,90,90
Erling,7,90,90,90,90,90
Erling,8,90,90,90,90,90
Erling,9,90,90,90,90,90
Erling,10,90,90,90,90,90
Erling,11,90,90,90,90,45
Mateo,5,67,90,85,83,0
Mateo,6,90,85,83,0,0
Mateo,7,85,83,0,0,64
Mateo,8,83,0,0,64,67
Mateo,9,0,0,64,67,0
Mateo,10,0,64,67,0,3
Mateo,11,64,67,0,3,90
Aymeric,5,11,0,0,0,0
Rico,5,78,0,0,1,1
Rico,6,0,0,1,1,0
Rico,7,0,1,1,0,0
Rico,8,1,1,0,0,67
Rico,9,1,0,0,67,0
Rico,10,0,0,67,0,0
Rico,11,0,67,0,0,19
Stefan,9,0,0,0,0,90
Stefan,10,0,0,0,90,0
Stefan,11,0,0,90,0,0
Kalvin,5,0,0,0,6,0
Kalvin,6,0,0,6,0,39
Kalvin,7,0,6,0,39,25
Kalvin,8,6,0,39,25,0
Kalvin,9,0,39,25,0,0
Kalvin,10,39,25,0,0,0
Kalvin,11,25,0,0,0,19
Rodrigo,5,90,90,90,75,90
Rodrigo,6,90,90,75,90,45
Rodrigo,7,90,75,90,45,0
Rodrigo,8,75,90,45,0,0
Rodrigo,9,90,45,0,0,90
Rodrigo,10,45,0,0,90,90
Rodrigo,11,0,0,90,90,70
Sergio,5,0,0,0,14,1
Sergio,6,0,0,14,1,0
Sergio,7,0,14,1,0,0
Sergio,8,14,1,0,0,0
Sergio,9,1,0,0,0,0
John,8,0,0,0,0,22
John,9,0,0,0,22,74
John,10,0,0,22,74,90
John,11,0,22,74,90,70
Kyle,5,90,90,90,90,90
Kyle,6,90,90,90,90,90
Kyle,7,90,90,90,90,90
Kyle,8,90,90,90,90,90
Kyle,9,90,90,90,90,90
Kyle,10,90,90,90,90,90
Kyle,11,90,90,90,90,90
Matheus Luiz,5,90,90,0,0,23
Matheus Luiz,6,90,0,0,23,90
Matheus Luiz,7,0,0,23,90,45
Matheus Luiz,8,0,23,90,45,22
Matheus Luiz,9,23,90,45,22,0
Matheus Luiz,10,90,45,22,0,0
Matheus Luiz,11,45,22,0,0,19
Joško,5,11,90,90,0,90
Joško,6,90,90,0,90,90
Joško,7,90,0,90,90,0
Joško,8,0,90,90,0,90
Joško,9,90,90,0,90,90
Joško,10,90,0,90,90,90
Joško,11,0,90,90,90,0
Jérémy,7,0,75,89,51,90
Jérémy,8,75,89,51,90,22
Jérémy,9,89,51,90,22,74
Jérémy,10,51,90,22,74,3
Jérémy,11,90,22,74,3,90
Mason,5,67,84,0,0,0
Mason,6,84,0,0,0,0
Mason,7,0,0,0,0,76
Mason,8,0,0,0,76,62
Mason,9,0,0,76,62,2
Mason,10,0,76,62,2,45
Mason,11,76,62,2,45,11
Antony Matheus,5,76,65,84,83,0
Antony Matheus,6,65,84,83,0,0
Antony Matheus,7,84,83,0,0,0
Antony Matheus,8,83,0,0,0,27
Antony Matheus,9,0,0,0,27,63
Antony Matheus,10,0,0,27,63,4
Antony Matheus,11,0,27,63,4,62
Bruno,5,90,90,90,90,90
Bruno,6,90,90,90,90,90
Bruno,7,90,90,90,90,90
Bruno,8,90,90,90,90,90
Bruno,9,90,90,90,90,90
Bruno,10,90,90,90,90,90
Bruno,11,90,90,90,90,90
Carlos Henrique,5,90,90,90,90,63
Carlos Henrique,6,90,90,90,63,90
Carlos Henrique,7,90,90,63,90,90
Carlos Henrique,8,90,63,90,90,45
Carlos Henrique,9,63,90,90,45,0
Carlos Henrique,10,90,90,45,0,0
Carlos Henrique,11,90,45,0,0,0
Diogo,5,0,24,90,90,90
Diogo,6,24,90,90,90,90
Diogo,7,90,90,90,90,90
Diogo,8,90,90,90,90,90
Diogo,9,90,90,90,90,90
Diogo,10,90,90,90,90,90
Diogo,11,90,90,90,90,90
Christian,5,22,24,90,90,90
Christian,6,24,90,90,90,0
Christian,7,90,90,90,0,13
Christian,8,90,90,0,13,45
Christian,9,90,0,13,45,27
Christian,10,0,13,45,27,85
Christian,11,13,45,27,85,78
Alejandro,5,67,65,0,6,5
Alejandro,6,65,0,6,5,0
Alejandro,7,0,6,5,0,29
Alejandro,8,6,5,0,29,27
Alejandro,9,5,0,29,27,26
Alejandro,10,0,29,27,26,17
Alejandro,11,29,27,26,17,90
Hannibal,5,0,0,0,0,26
Hannibal,6,0,0,0,26,90
Hannibal,7,0,0,26,90,0
Hannibal,8,0,26,90,0,0
Hannibal,9,26,90,0,0,0
Hannibal,10,90,0,0,0,0
Victor,5,45,0,45,83,90
Victor,6,0,45,83,90,90
Victor,7,45,83,90,90,87
Victor,8,83,90,90,87,70
Victor,9,90,90,87,70,90
Victor,10,90,87,70,90,73
Victor,11,87,70,90,73,0
Harry,5,0,0,0,23,0
Harry,6,0,0,23,0,0
Harry,7,0,23,0,0,3
Harry,8,23,0,0,3,90
Harry,9,0,0,3,90,90
Harry,10,0,3,90,90,90
Harry,11,3,90,90,90,90
Anthony,5,0,5,59,66,26
Anthony,6,5,59,66,26,0
Anthony,7,59,66,26,0,13
Anthony,8,66,26,0,13,19
Anthony,9,26,0,13,19,27
Anthony,10,0,13,19,27,4
Anthony,11,13,19,27,4,11
Lisandro,5,45,90,90,66,84
Lisandro,6,90,90,66,84,0
Lisandro,7,90,66,84,0,0
Lisandro,8,66,84,0,0,0
Lisandro,9,84,0,0,0,0
Scott,5,2,0,5,0,84
Scott,6,0,5,0,84,90
Scott,7,5,0,84,90,0
Scott,8,0,84,90,0,3
Scott,9,84,90,0,3,62
Scott,10,90,0,3,62,90
Scott,11,0,3,62,90,90
Facundo,5,13,5,0,0,5
Facundo,6,5,0,0,5,0
Facundo,7,0,0,5,0,60
Facundo,8,0,5,0,60,0
Facundo,9,5,0,60,0,0
Facundo,10,0,60,0,0,0
Facundo,11,60,0,0,0,27
Raphaël,5,90,90,45,0,0
Raphaël,6,90,45,0,0,11
Raphaël,7,45,0,0,11,86
Raphaël,8,0,0,11,86,0
Raphaël,9,0,11,86,0,6
Raphaël,10,11,86,0,6,0
Raphaël,11,86,0,6,0,1
Marcus,5,87,84,90,90,90
Marcus,6,84,90,90,90,90
Marcus,7,90,90,90,90,76
Marcus,8,90,90,90,76,62
Marcus,9,90,90,76,62,87
Marcus,10,90,76,62,87,85
Marcus,11,76,62,87,85,0
Jadon,5,22,24,30,0,0
Jadon,6,24,30,0,0,0
Jadon,7,30,0,0,0,0
Luke,5,90,90,0,0,0
Luke,6,90,0,0,0,0
Donny,7,0,0,0,0,2
Donny,8,0,0,0,2,0
Donny,9,0,0,2,0,0
Donny,10,0,2,0,0,0
Donny,11,2,0,0,0,0
Aaron,5,90,65,90,90,5
Aaron,6,65,90,90,5,0
Aaron,7,90,90,5,0,0
Aaron,8,90,5,0,0,0
Aaron,9,5,0,0,0,0
Aaron,11,0,0,0,0,90
Sergio,5,0,0,0,0,84
Sergio,6,0,0,0,84,78
Sergio,7,0,0,84,78,0
Sergio,8,0,84,78,0,0
Sergio,9,84,78,0,0,0
Sergio,10,78,0,0,0,17
Sergio,11,0,0,0,17,0
André,5,90,90,90,90,90
André,6,90,90,90,90,90
André,7,90,90,90,90,90
André,8,90,90,90,90,90
André,9,90,90,90,90,90
André,10,90,90,90,90,90
André,11,90,90,90,90,90
Rasmus,5,0,0,0,23,63
Rasmus,6,0,0,23,63,90
Rasmus,7,0,23,63,90,90
Rasmus,8,23,63,90,90,90
Rasmus,9,63,90,90,90,62
Rasmus,10,90,90,90,62,72
Rasmus,11,90,90,62,72,78
Jonny,8,6,0,88,0,90
Jonny,9,0,88,0,90,83
Jonny,10,88,0,90,83,90
Jonny,11,0,90,83,90,90
Sofyan,9,0,1,90,86,90
Sofyan,10,1,90,86,90,45
Sofyan,11,90,86,90,45,0
Lewis,6,0,0,0,0,9
Lewis,7,0,0,0,9,0
Lewis,8,0,0,9,0,0
Lewis,9,0,9,0,0,0
Lewis,10,9,0,0,0,0
Miguel,5,85,85,90,57,7
Miguel,6,85,90,57,7,69
Miguel,7,90,57,7,69,90
Miguel,8,57,7,69,90,81
Miguel,9,7,69,90,81,20
Miguel,10,69,90,81,20,71
Miguel,11,90,81,20,71,62
Elliot,5,1,23,8,32,90
Elliot,6,23,8,32,90,90
Elliot,7,8,32,90,90,63
Elliot,8,32,90,90,63,90
Elliot,9,90,90,63,90,10
Elliot,10,90,63,90,10,0
Elliot,11,63,90,10,0,0
Sven,5,90,90,86,0,90
Sven,6,90,86,0,90,90
Sven,7,86,0,90,90,0
Sven,8,0,90,90,0,0
Sven,9,90,90,0,0,0
Sven,10,90,0,0,0,0
Bruno,5,84,90,90,90,90
Bruno,6,90,90,90,90,80
Bruno,7,90,90,90,80,90
Bruno,8,90,90,80,90,90
Bruno,9,90,80,90,90,68
Bruno,10,80,90,90,68,90
Bruno,11,90,90,68,90,90
Dan,5,90,90,90,90,90
Dan,6,90,90,90,90,90
Dan,7,90,90,90,90,90
Dan,8,90,90,90,90,90
Dan,9,90,90,90,90,90
Dan,10,90,90,90,90,90
Dan,11,90,90,90,90,45
Anthony,5,67,55,71,90,90
Anthony,6,55,71,90,90,78
Anthony,7,71,90,90,78,90
Anthony,8,90,90,78,90,0
Anthony,9,90,78,90,0,69
Anthony,10,78,90,0,69,90
Anthony,11,90,0,69,90,90
Alexander,5,67,65,71,73,0
Alexander,6,65,71,73,0,20
Alexander,7,71,73,0,20,90
Alexander,8,73,0,20,90,85
Alexander,9,0,20,90,85,20
Alexander,10,20,90,85,20,0
Alexander,11,90,85,20,0,0
Joelinton Cássio,5,90,56,81,57,0
Joelinton Cássio,6,56,81,57,0,0
Joelinton Cássio,7,81,57,0,0,4
Joelinton Cássio,8,57,0,0,4,0
Joelinton Cássio,9,0,0,4,0,80
Joelinton Cássio,10,0,4,0,80,90
Joelinton Cássio,11,4,0,80,90,90
Jamaal,5,0,0,0,16,0
Jamaal,6,0,0,16,0,0
Jamaal,7,0,16,0,0,90
Jamaal,8,16,0,0,90,90
Jamaal,9,0,0,90,90,90
Jamaal,10,0,90,90,90,90
Jamaal,11,90,90,90,90,90
Sean,5,5,33,18,32,90
Sean,6,33,18,32,90,90
Sean,7,18,32,90,90,90
Sean,8,32,90,90,90,90
Sean,9,90,90,90,90,90
Sean,10,90,90,90,90,90
Sean,11,90,90,90,90,90
Jacob,5,4,0,0,0,0
Jacob,7,0,0,0,0,1
Jacob,8,0,0,0,1,8
Jacob,9,0,0,1,8,90
Jacob,10,0,1,8,90,0
Jacob,11,1,8,90,0,16
Nick,5,90,90,90,90,90
Nick,6,90,90,90,90,90
Nick,7,90,90,90,90,90
Nick,8,90,90,90,90,90
Nick,9,90,90,90,90,90
Nick,10,90,90,90,90,90
Nick,11,90,90,90,90,90
Matt,11,0,0,0,0,11
Fabian,5,90,90,90,90,90
Fabian,6,90,90,90,90,90
Fabian,7,90,90,90,90,90
Fabian,8,90,90,90,90,90
Fabian,9,90,90,90,90,90
Fabian,10,90,90,90,90,90
Fabian,11,90,90,90,90,90
Matt,5,0,0,3,73,0
Matt,6,0,3,73,0,0
Matt,7,3,73,0,0,0
Matt,8,73,0,0,0,1
Matt,9,0,0,0,1,0
Matt,10,0,0,1,0,0
Matt,11,0,1,0,0,0
Sandro,5,90,66,71,57,0
Sandro,6,66,71,57,0,20
Sandro,7,71,57,0,20,22
Sandro,8,57,0,20,22,90
Sandro,9,0,20,22,90,21
Sandro,10,20,22,90,21,0
Sandro,11,22,90,21,0,0
Kieran,5,90,90,90,90,90
Kieran,6,90,90,90,90,69
Kieran,7,90,90,90,69,90
Kieran,8,90,90,69,90,90
Kieran,9,90,69,90,90,68
Kieran,10,69,90,90,68,90
Kieran,11,90,90,68,90,90
Joe,10,0,0,0,0,18
Joe,11,0,0,0,18,28
Callum,5,22,24,18,32,90
Callum,6,24,18,32,90,69
Callum,7,18,32,90,69,0
Callum,8,32,90,69,0,4
Callum,9,90,69,0,4,69
Callum,10,69,0,4,69,90
Callum,11,0,4,69,90,61
Harvey,5,22,34,18,16,82
Harvey,6,34,18,16,82,11
Harvey,7,18,16,82,11,0
Harvey,8,16,82,11,0,0
Harvey,9,82,11,0,0,0
Harvey,10,11,0,0,0,0
Tino,5,0,4,0,0,0
Tino,6,4,0,0,0,20
Tino,7,0,0,0,20,1
Tino,8,0,0,20,1,0
Tino,9,0,20,1,0,21
Tino,10,20,1,0,21,0
Tino,11,1,0,21,0,45
Nuno,5,0,0,0,18,37
Nuno,6,0,0,18,37,38
Nuno,7,0,18,37,38,0
Nuno,8,18,37,38,0,0
Nuno,9,37,38,0,0,0
Nuno,10,38,0,0,0,0
Matt,5,90,90,90,90,90
Matt,6,90,90,90,90,90
Matt,7,90,90,90,90,90
Matt,8,90,90,90,90,90
Matt,9,90,90,90,90,90
Matt,10,90,90,90,90,90
Matt,11,90,90,90,90,0
Andrey,10,0,0,0,0,7
Andrey,11,0,0,0,7,0
Callum,5,0,0,0,0,70
Callum,6,0,0,0,70,34
Callum,7,0,0,70,34,59
Callum,8,0,70,34,59,65
Callum,9,70,34,59,65,0
Callum,10,34,59,65,0,0
Callum,11,59,65,0,0,0
Anthony,5,10,21,9,45,90
Anthony,6,21,9,45,90,34
Anthony,7,9,45,90,34,60
Anthony,8,45,90,34,60,24
Anthony,9,90,34,60,24,87
Anthony,10,34,60,24,87,90
Anthony,11,60,24,87,90,90
Serge,5,90,90,90,71,0
Serge,6,90,90,71,0,55
Serge,7,90,71,0,55,90
Serge,8,71,0,55,90,45
Serge,9,0,55,90,45,87
Serge,10,55,90,45,87,90
Serge,11,90,45,87,90,19
Taiwo,5,19,83,80,64,87
Taiwo,6,83,80,64,87,74
Taiwo,7,80,64,87,74,80
Taiwo,8,64,87,74,80,0
Taiwo,9,87,74,80,0,0
Taiwo,10,74,80,0,0,21
Taiwo,11,80,0,0,21,81
Willy,5,90,68,90,90,0
Willy,6,68,90,90,0,90
Willy,7,90,90,0,90,90
Willy,8,90,0,90,90,90
Willy,9,0,90,90,90,77
Willy,10,90,90,90,77,68
Willy,11,90,90,77,68,0
Danilo,5,70,90,80,45,0
Danilo,6,90,80,45,0,0
Danilo,7,80,45,0,0,0
Danilo,8,45,0,0,0,0
Danilo,11,0,0,0,0,8
Morgan,5,90,90,90,90,90
Morgan,6,90,90,90,90,90
Morgan,7,90,90,90,90,29
Morgan,8,90,90,90,29,90
Morgan,9,90,90,29,90,90
Morgan,10,90,29,90,90,82
Morgan,11,29,90,90,82,90
Cheikhou,5,1,1,20,17,0
Cheikhou,6,1,20,17,0,0
Cheikhou,7,20,17,0,0,13
Cheikhou,8,17,0,0,13,7
Cheikhou,9,0,0,13,7,12
Cheikhou,10,0,13,7,12,0
Cheikhou,11,13,7,12,0,0
Orel,5,89,68,0,71,70
Orel,6,68,0,71,70,90
Orel,7,0,71,70,90,90
Orel,8,71,70,90,90,82
Orel,9,70,90,90,82,90
Orel,10,90,90,82,90,82
Orel,11,90,82,90,82,90
Scott,5,90,90,56,90,90
Scott,6,90,56,90,90,0
Scott,7,56,90,90,0,0
Scott,8,90,90,0,0,0
Scott,9,90,0,0,0,0
Moussa,5,0,1,33,0,0
Moussa,6,1,33,0,0,90
Moussa,7,33,0,0,90,55
Moussa,8,0,0,90,55,0
Moussa,9,0,90,55,0,0
Moussa,10,90,55,0,0,90
Moussa,11,55,0,0,90,90
Harry,7,0,0,0,0,30
Harry,8,0,0,0,30,90
Harry,9,0,0,30,90,90
Harry,10,0,30,90,90,21
Harry,11,30,90,90,21,70
Neco,5,18,90,0,0,0
Neco,6,90,0,0,0,0
Neco,9,0,0,0,0,2
Neco,10,0,0,0,2,7
Neco,11,0,0,2,7,4
Chris,5,1,6,9,25,2
Chris,6,6,9,25,2,15
Chris,7,9,25,2,15,9
Chris,8,25,2,15,9,75
Chris,9,2,15,9,75,90
Chris,10,15,9,75,90,0
Chris,11,9,75,90,0,0
Joe,5,89,90,66,90,90
Joe,6,90,66,90,90,0
Joe,7,66,90,90,0,0
Joe,8,90,90,0,0,0
Joe,9,90,0,0,0,12
Joe,10,0,0,0,12,0
Joe,11,0,0,12,0,0
Ryan,5,90,21,90,90,19
Ryan,6,21,90,90,19,0
Ryan,7,90,90,19,0,0
Ryan,8,90,19,0,0,14
Ryan,9,19,0,0,14,12
Ryan,10,0,0,14,12,21
Ryan,11,0,14,12,21,3
Olu,5,71,0,90,72,90
Olu,6,0,90,72,90,74
Olu,7,90,72,90,74,0
Olu,8,72,90,74,0,0
Olu,9,90,74,0,0,2
Olu,10,74,0,0,2,68
Olu,11,0,0,2,68,85
Gonzalo,7,0,18,52,51,0
Gonzalo,8,18,52,51,0,45
Gonzalo,9,52,51,0,45,0
Gonzalo,10,51,0,45,0,0
Gonzalo,11,0,45,0,0,0
Murillo,8,0,0,0,90,90
Murillo,9,0,0,90,90,90
Murillo,10,0,90,90,90,90
Murillo,11,90,90,90,90,90
Odysseas,11,0,0,0,0,90
Nicolás,9,0,90,79,90,77
Nicolás,10,90,79,90,77,68
Nicolás,11,79,90,77,68,86
Ibrahim,9,90,55,76,75,77
Ibrahim,10,55,76,75,77,90
Ibrahim,11,76,75,77,90,90
Divock,9,19,15,10,14,0
Divock,10,15,10,14,0,0
Divock,11,10,14,0,0,0
Auston,5,0,0,0,0,4
Auston,6,0,0,0,4,0
Auston,7,0,0,4,0,11
Auston,8,0,4,0,11,90
Auston,9,4,0,11,90,90
Auston,10,0,11,90,90,90
Auston,11,11,90,90,90,90
Cameron,5,0,5,0,74,90
Cameron,6,5,0,74,90,90
Cameron,7,0,74,90,90,78
Cameron,8,74,90,90,78,78
Cameron,9,90,90,78,78,90
Cameron,10,90,78,78,90,31
Cameron,11,78,78,90,31,90
James,5,1,0,0,0,69
James,6,0,0,0,69,74
James,7,0,0,69,74,69
James,8,0,69,74,69,24
James,9,69,74,69,24,77
James,10,74,69,24,77,70
James,11,69,24,77,70,45
Anel,5,90,90,90,90,90
Anel,6,90,90,90,90,90
Anel,7,90,90,90,90,90
Anel,8,90,90,90,90,90
Anel,9,90,90,90,90,0
Anel,10,90,90,90,0,0
Anel,11,90,90,0,0,0
George,5,90,0,70,90,0
George,6,0,70,90,0,0
George,7,70,90,0,0,0
George,8,90,0,0,0,0
George,10,0,0,0,0,19
George,11,0,0,0,19,90
Chris,5,79,32,10,22,90
Chris,6,32,10,22,90,15
Chris,7,10,22,90,15,34
Chris,8,22,90,15,34,34
Chris,9,90,15,34,34,0
Chris,10,15,34,34,0,0
Chris,11,34,34,0,0,0
Jayden,5,0,0,19,0,85
Jayden,6,0,19,0,85,45
Jayden,7,19,0,85,45,78
Jayden,8,0,85,45,78,90
Jayden,9,85,45,78,90,90
Jayden,10,45,78,90,90,70
Jayden,11,78,90,90,70,90
Rhian,7,0,0,0,0,11
Rhian,8,0,0,0,11,11
Rhian,9,0,0,11,11,38
Rhian,10,0,11,11,38,58
Rhian,11,11,11,38,58,45
John,5,90,90,90,67,0
John,6,90,90,67,0,90
John,7,90,67,0,90,55
John,8,67,0,90,55,0
John,9,0,90,55,0,0
John,10,90,55,0,0,0
John,11,55,0,0,0,0
John,10,0,0,0,0,19
John,11,0,0,0,19,0
Wes,5,90,90,90,90,90
Wes,6,90,90,90,90,90
Wes,7,90,90,90,90,90
Wes,8,90,90,90,90,90
Wes,9,90,90,90,90,90
Wes,10,90,90,90,90,90
Wes,11,90,90,90,90,90
Max,5,79,45,0,0,0
Max,6,45,0,0,0,0
Oliver,5,0,0,19,90,90
Oliver,6,0,19,90,90,0
Oliver,7,19,90,90,0,90
Oliver,8,90,90,0,90,90
Oliver,9,90,0,90,90,51
Oliver,10,0,90,90,51,0
Oliver,11,90,90,51,0,0
Oliver,5,90,90,79,90,20
Oliver,6,90,79,90,20,61
Oliver,7,79,90,20,61,0
Oliver,8,90,20,61,0,90
Oliver,9,20,61,0,90,90
Oliver,10,61,0,90,90,90
Oliver,11,0,90,90,90,90
Ben,5,86,90,16,0,0
Ben,6,90,16,0,0,0
Ben,7,16,0,0,0,0
Ben,9,0,0,0,0,12
Ben,10,0,0,0,12,31
Ben,11,0,0,12,31,1
William,5,90,73,70,0,0
William,6,73,70,0,0,0
William,7,70,0,0,0,0
Jack,5,79,90,90,90,90
Jack,6,90,90,90,90,90
Jack,7,90,90,90,90,90
Jack,8,90,90,90,90,55
Jack,9,90,90,90,55,90
Jack,10,90,90,55,90,90
Jack,11,90,55,90,90,90
Anis,5,10,0,0,0,0
Anis,6,0,0,0,0,24
Anis,7,0,0,0,24,11
Anis,8,0,0,24,11,0
Anis,9,0,24,11,0,0
Anis,10,24,11,0,0,58
Anis,11,11,0,0,58,0
Yasser,5,10,45,73,67,0
Yasser,6,45,73,67,0,0
Yasser,7,73,67,0,0,0
Yasser,8,67,0,0,0,24
Yasser,9,0,0,0,24,0
Yasser,10,0,0,24,0,0
Yasser,11,0,24,0,0,0
Bénie,5,86,81,90,15,0
Bénie,6,81,90,15,0,45
Bénie,7,90,15,0,45,0
Bénie,8,15,0,45,0,0
Bénie,9,0,45,0,0,6
Bénie,10,45,0,0,6,0
Bénie,11,0,0,6,0,0
Vini,5,10,57,90,90,90
Vini,6,57,90,90,90,90
Vini,7,90,90,90,90,90
Vini,8,90,90,90,90,90
Vini,9,90,90,90,90,90
Vini,10,90,90,90,90,90
Vini,11,90,90,90,90,90
Andre,5,3,16,0,0,0
Andre,6,16,0,0,0,0
Antwoine,5,3,8,0,0,0
Antwoine,6,8,0,0,0,0
Gustavo,6,90,90,90,80,65
Gustavo,7,90,90,80,65,78
Gustavo,8,90,80,65,78,65
Gustavo,9,80,65,78,65,83
Gustavo,10,65,78,65,83,82
Gustavo,11,78,65,83,82,89
Tom,6,0,0,0,9,28
Tom,7,0,0,9,28,20
Tom,8,0,9,28,20,0
Tom,9,9,28,20,0,0
Tom,10,28,20,0,0,0
Tom,11,20,0,0,0,0
Luke,8,22,90,90,90,65
Luke,9,90,90,90,65,90
Luke,10,90,90,65,90,90
Luke,11,90,65,90,90,90
Brennan,5,79,90,69,0,10
Brennan,6,90,69,0,10,62
Brennan,7,69,0,10,62,0
Brennan,8,0,10,62,0,0
Brennan,9,10,62,0,0,9
Brennan,10,62,0,0,9,26
Brennan,11,0,0,9,26,33
Rodrigo,10,0,0,0,0,1
Rodrigo,11,0,0,0,1,29
Yves,5,90,90,73,90,90
Yves,6,90,73,90,90,90
Yves,7,73,90,90,90,89
Yves,8,90,90,90,89,48
Yves,9,90,90,89,48,0
Yves,10,90,89,48,0,63
Yves,11,89,48,0,63,90
Bryan,10,0,0,0,0,1
Bryan,11,0,0,0,1,0
Ben,5,0,20,8,0,0
Ben,6,20,8,0,0,0
Ben,7,8,0,0,0,7
Ben,8,0,0,0,7,8
Ben,9,0,0,7,8,0
Ben,10,0,7,8,0,45
Ben,11,7,8,0,45,0
Eric,11,0,0,0,0,56
Emerson,5,90,2,0,4,1
Emerson,6,2,0,4,1,0
Emerson,7,0,4,1,0,0
Emerson,8,4,1,0,0,14
Emerson,9,1,0,0,14,34
Emerson,10,0,0,14,34,45
Emerson,11,0,14,34,45,45
Pierre-Emile,5,0,14,30,22,1
Pierre-Emile,6,14,30,22,1,12
Pierre-Emile,7,30,22,1,12,1
Pierre-Emile,8,22,1,12,1,45
Pierre-Emile,9,1,12,1,45,90
Pierre-Emile,10,12,1,45,90,26
Pierre-Emile,11,1,45,90,26,45
Dejan,5,90,87,90,85,90
Dejan,6,87,90,85,90,90
Dejan,7,90,85,90,90,90
Dejan,8,85,90,90,90,90
Dejan,9,90,90,90,90,90
Dejan,10,90,90,90,90,89
Dejan,11,90,90,90,89,60
Giovani,5,0,0,16,0,0
Giovani,6,0,16,0,0,0
Giovani,7,16,0,0,0,0
Giovani,9,0,0,0,0,8
Giovani,10,0,0,0,8,0
Giovani,11,0,0,8,0,0
James,5,90,90,72,85,90
James,6,90,72,85,90,77
James,7,72,85,90,77,89
James,8,85,90,77,89,75
James,9,90,77,89,75,81
James,10,77,89,75,81,88
James,11,89,75,81,88,45
Pedro,5,0,87,90,90,90
Pedro,6,87,90,90,90,90
Pedro,7,90,90,90,90,90
Pedro,8,90,90,90,90,90
Pedro,9,90,90,90,90,90
Pedro,10,90,90,90,90,90
Pedro,11,90,90,90,90,90
Ivan,5,15,20,31,22,10
Ivan,6,20,31,22,10,0
Ivan,7,31,22,10,0,0
Ivan,8,22,10,0,0,0
Ivan,9,10,0,0,0,0
Richarlison,5,90,69,59,18,10
Richarlison,6,69,59,18,10,11
Richarlison,7,59,18,10,11,90
Richarlison,8,18,10,11,90,45
Richarlison,9,10,11,90,45,80
Richarlison,10,11,90,45,80,63
Richarlison,11,90,45,80,63,0
Cristian,5,13,90,90,90,90
Cristian,6,90,90,90,90,90
Cristian,7,90,90,90,90,90
Cristian,8,90,90,90,90,90
Cristian,9,90,90,90,90,90
Cristian,10,90,90,90,90,90
Cristian,11,90,90,90,90,32
Davinson,5,76,0,0,0,0
Pape Matar,5,15,75,58,67,79
Pape Matar,6,75,58,67,79,90
Pape Matar,7,58,67,79,90,82
Pape Matar,8,67,79,90,82,90
Pape Matar,9,79,90,82,90,61
Pape Matar,10,90,82,90,61,90
Pape Matar,11,82,90,61,90,60
Oliver,5,74,0,17,4,0
Oliver,6,0,17,4,0,0
Oliver,7,17,4,0,0,7
Oliver,8,4,0,0,7,14
Oliver,9,0,0,7,14,28
Oliver,10,0,7,14,28,0
Oliver,11,7,14,28,0,29
Son,5,74,90,90,71,79
Son,6,90,90,71,79,78
Son,7,90,71,79,78,68
Son,8,71,79,78,68,75
Son,9,79,78,68,75,81
Son,10,78,68,75,81,90
Son,11,68,75,81,90,90
Destiny,5,90,69,81,90,90
Destiny,6,69,81,90,90,90
Destiny,7,81,90,90,90,82
Destiny,8,90,90,90,82,81
Destiny,9,90,90,82,81,55
Destiny,10,90,82,81,55,0
Destiny,11,82,81,55,0,54
Guglielmo,5,90,90,90,90,90
Guglielmo,6,90,90,90,90,90
Guglielmo,7,90,90,90,90,90
Guglielmo,8,90,90,90,90,90
Guglielmo,9,90,90,90,90,90
Guglielmo,10,90,90,90,90,90
Guglielmo,11,90,90,90,90,90
Manor,5,0,2,0,67,79
Manor,6,2,0,67,79,27
Manor,7,0,67,79,27,21
Manor,8,67,79,27,21,0
Manor,9,79,27,21,0,0
Manor,10,27,21,0,0,0
Manor,11,21,0,0,0,0
Micky,5,90,90,90,90,90
Micky,6,90,90,90,90,90
Micky,7,90,90,90,90,90
Micky,8,90,90,90,90,90
Micky,9,90,90,90,90,90
Micky,10,90,90,90,90,90
Micky,11,90,90,90,90,45
Alejo,7,0,0,0,0,1
Alejo,8,0,0,0,1,1
Alejo,9,0,0,1,1,8
Alejo,10,0,1,1,8,0
Alejo,11,1,1,8,0,0
Nayef,5,90,66,0,90,90
Nayef,6,66,0,90,90,90
Nayef,7,0,90,90,90,90
Nayef,8,90,90,90,90,90
Nayef,9,90,90,90,90,90
Nayef,10,90,90,90,90,90
Nayef,11,90,90,90,90,90
Michail,5,77,75,78,79,66
Michail,6,75,78,79,66,73
Michail,7,78,79,66,73,71
Michail,8,79,66,73,71,74
Michail,9,66,73,71,74,89
Michail,10,73,71,74,89,56
Michail,11,71,74,89,56,63
Alphonse,5,90,90,90,90,90
Alphonse,6,90,90,90,90,90
Alphonse,7,90,90,90,90,90
Alphonse,8,90,90,90,90,90
Alphonse,9,90,90,90,90,90
Alphonse,10,90,90,90,90,90
Alphonse,11,90,90,90,90,90
Saïd,5,90,68,51,70,22
Saïd,6,68,51,70,22,0
Saïd,7,51,70,22,0,18
Saïd,8,70,22,0,18,15
Saïd,9,22,0,18,15,0
Saïd,10,0,18,15,0,33
Saïd,11,18,15,0,33,63
Jarrod,5,90,90,90,90,90
Jarrod,6,90,90,90,90,90
Jarrod,7,90,90,90,90,90
Jarrod,8,90,90,90,90,90
Jarrod,9,90,90,90,90,90
Jarrod,10,90,90,90,90,90
Jarrod,11,90,90,90,90,90
Maxwel,5,1,0,0,0,0
Vladimír,5,90,90,90,90,86
Vladimír,6,90,90,90,86,90
Vladimír,7,90,90,86,90,90
Vladimír,8,90,86,90,90,90
Vladimír,9,86,90,90,90,90
Vladimír,10,90,90,90,90,90
Vladimír,11,90,90,90,90,90
Aaron,10,0,0,0,0,84
Aaron,11,0,0,0,84,0
Emerson,5,90,90,90,90,90
Emerson,6,90,90,90,90,90
Emerson,7,90,90,90,90,90
Emerson,8,90,90,90,90,90
Emerson,9,90,90,90,90,90
Emerson,10,90,90,90,90,0
Emerson,11,90,90,90,0,90
Pablo,5,85,14,6,19,0
Pablo,6,14,6,19,0,16
Pablo,7,6,19,0,16,1
Pablo,8,19,0,16,1,0
Pablo,9,0,16,1,0,1
Pablo,10,16,1,0,1,0
Pablo,11,1,0,1,0,26
Danny,5,12,0,5,10,3
Danny,6,0,5,10,3,3
Danny,7,5,10,3,3,0
Danny,8,10,3,3,0,0
Danny,9,3,3,0,0,4
Danny,10,3,0,0,4,5
Danny,11,0,0,4,5,26
Thilo,5,4,0,11,0,3
Thilo,6,0,11,0,3,0
Thilo,7,11,0,3,0,0
Thilo,8,0,3,0,0,0
Thilo,9,3,0,0,0,0
Lucas,5,90,90,84,90,90
Lucas,6,90,84,90,90,86
Lucas,7,84,90,90,86,90
Lucas,8,90,90,86,90,90
Lucas,9,90,86,90,90,85
Lucas,10,86,90,90,85,90
Lucas,11,90,90,85,90,0
Tomáš,5,90,90,38,0,86
Tomáš,6,90,38,0,86,73
Tomáš,7,38,0,86,73,90
Tomáš,8,0,86,73,90,75
Tomáš,9,86,73,90,75,66
Tomáš,10,73,90,75,66,17
Tomáš,11,90,75,66,17,90
Kurt,5,90,90,90,90,90
Kurt,6,90,90,90,90,90
Kurt,7,90,90,90,90,90
Kurt,8,90,90,90,90,90
Kurt,9,90,90,90,90,90
Kurt,10,90,90,90,90,90
Kurt,11,90,90,90,90,0
Angelo,5,0,21,90,0,0
Angelo,6,21,90,0,0,0
Angelo,7,90,0,0,0,0
Edson,5,0,9,83,90,67
Edson,6,9,83,90,67,90
Edson,7,83,90,67,90,71
Edson,8,90,67,90,71,90
Edson,9,67,90,71,90,90
Edson,10,90,71,90,90,90
Edson,11,71,90,90,90,0
James,6,80,90,90,90,90
James,7,90,90,90,90,90
James,8,90,90,90,90,90
James,9,90,90,90,90,90
James,10,90,90,90,90,72
James,11,90,90,90,72,90
Konstantinos,7,0,0,0,0,1
Konstantinos,8,0,0,0,1,0
Konstantinos,9,0,0,1,0,0
Konstantinos,10,0,1,0,0,0
Konstantinos,11,1,0,0,0,90
Mohammed,8,1,23,16,18,14
Mohammed,9,23,16,18,14,23
Mohammed,10,16,18,14,23,90
Mohammed,11,18,14,23,90,90
Tommy,5,0,0,0,0,13
Tommy,6,0,0,0,13,1
Tommy,7,0,0,13,1,0
Tommy,8,0,13,1,0,0
Tommy,9,13,1,0,0,45
Tommy,10,1,0,0,45,36
Tommy,11,0,0,45,36,69
Rayan,5,76,86,45,81,64
Rayan,6,86,45,81,64,45
Rayan,7,45,81,64,45,73
Rayan,8,81,64,45,73,45
Rayan,9,64,45,73,45,90
Rayan,10,45,73,45,90,90
Rayan,11,73,45,90,90,90
Hugo,5,13,4,84,8,25
Hugo,6,4,84,8,25,6
Hugo,7,84,8,25,6,0
Hugo,8,8,25,6,0,0
Hugo,9,25,6,0,0,0
Hugo,10,6,0,0,0,0
Craig,5,90,70,90,90,90
Craig,6,70,90,90,90,90
Craig,7,90,90,90,90,90
Craig,8,90,90,90,90,90
Craig,9,90,90,90,90,90
Craig,10,90,90,90,90,90
Craig,11,90,90,90,90,90
Fábio,5,13,54,73,73,29
Fábio,6,54,73,73,29,0
Fábio,7,73,73,29,0,4
Fábio,8,73,29,0,4,4
Fábio,9,29,0,4,4,0
Fábio,10,0,4,4,0,0
Fábio,11,4,4,0,0,9
Hwang,5,27,35,45,30,59
Hwang,6,35,45,30,59,45
Hwang,7,45,30,59,45,85
Hwang,8,30,59,45,85,85
Hwang,9,59,45,85,85,90
Hwang,10,45,85,85,90,90
Hwang,11,85,85,90,90,90
João Victor,5,87,54,90,80,90
João Victor,6,54,90,80,90,89
João Victor,7,90,80,90,89,66
João Victor,8,80,90,89,66,68
João Victor,9,90,89,66,68,45
João Victor,10,89,66,68,45,4
João Victor,11,66,68,45,4,0
Jonathan,7,0,0,0,0,4
Jonathan,8,0,0,0,4,0
Jonathan,9,0,0,4,0,0
Jonathan,10,0,4,0,0,0
Jonathan,11,4,0,0,0,0
Sasa,5,2,0,5,9,0
Sasa,6,0,5,9,0,0
Sasa,7,5,9,0,0,0
Sasa,8,9,0,0,0,14
Sasa,9,0,0,0,14,8
Sasa,10,0,0,14,8,13
Sasa,11,0,14,8,13,60
Max,5,90,90,90,90,90
Max,6,90,90,90,90,90
Max,7,90,90,90,90,90
Max,8,90,90,90,90,90
Max,9,90,90,90,90,90
Max,10,90,90,90,90,90
Max,11,90,90,90,90,90
Mario,5,90,90,90,90,77
Mario,6,90,90,90,77,90
Mario,7,90,90,77,90,90
Mario,8,90,77,90,90,90
Mario,9,77,90,90,90,0
Mario,10,90,90,90,0,85
Mario,11,90,90,0,85,90
Pedro,5,90,90,90,90,90
Pedro,6,90,90,90,90,90
Pedro,7,90,90,90,90,90
Pedro,8,90,90,90,90,90
Pedro,9,90,90,90,90,90
Pedro,10,90,90,90,90,76
Pedro,11,90,90,90,76,0
José,5,90,90,90,90,90
José,6,90,90,90,90,90
José,7,90,90,90,90,90
José,8,90,90,90,90,90
José,9,90,90,90,90,90
José,10,90,90,90,90,90
José,11,90,90,90,90,90
Pablo,5,62,35,16,59,0
Pablo,6,35,16,59,0,0
Pablo,7,16,59,0,0,0
Pablo,8,59,0,0,0,0
Pablo,9,0,0,0,0,15
Pablo,10,0,0,0,15,0
Pablo,11,0,0,15,0,0
Nélson,5,90,90,90,90,90
Nélson,6,90,90,90,90,83
Nélson,7,90,90,90,83,90
Nélson,8,90,90,83,90,90
Nélson,9,90,83,90,90,0
Nélson,10,83,90,90,0,90
Nélson,11,90,90,0,90,90
Toti António,5,0,19,5,0,0
Toti António,6,19,5,0,0,45
Toti António,7,5,0,0,45,90
Toti António,8,0,0,45,90,90
Toti António,9,0,45,90,90,74
Toti António,10,45,90,90,74,90
Toti António,11,90,90,74,90,80
Boubacar,5,0,0,0,16,12
Boubacar,6,0,0,16,12,19
Boubacar,7,0,16,12,19,23
Boubacar,8,16,12,19,23,21
Boubacar,9,12,19,23,21,90
Boubacar,10,19,23,21,90,53
Boubacar,11,23,21,90,53,20
Matheus,5,76,90,84,90,60
Matheus,6,90,84,90,60,70
Matheus,7,84,90,60,70,85
Matheus,8,90,60,70,85,75
Matheus,9,60,70,85,75,81
Matheus,10,70,85,75,81,90
Matheus,11,85,75,81,90,90
Matt,5,0,0,0,0,30
Matt,6,0,0,0,30,45
Matt,7,0,0,30,45,16
Matt,8,0,30,45,16,45
Matt,9,30,45,16,45,90
Matt,10,45,16,45,90,0
Matt,11,16,45,90,0,0
Jean-Ricner,9,76,38,0,0,0
Jean-Ricner,10,38,0,0,0,0
Jean-Ricner,11,0,0,0,0,29
